{"textures":{"0":"modelengine:entity/inferno_drake"},"elements":[{"from":[4.75,4.75,7.6666665],"to":[11.25,11.25,19.666666],"faces":{"east":{"uv":[0.0,2.8888888,2.4694533,4.3333335],"tintindex":0,"rotation":0,"texture":"#0"},"south":{"uv":[4.0128617,6.3333335,5.350482,7.7777777],"tintindex":0,"rotation":0,"texture":"#0"},"north":{"uv":[2.675241,6.3333335,4.0128617,7.7777777],"tintindex":0,"rotation":0,"texture":"#0"},"west":{"uv":[2.4694533,2.8888888,4.9389067,4.3333335],"tintindex":0,"rotation":0,"texture":"#0"},"up":{"uv":[1.3376205,7.0,0.0,4.3333335],"tintindex":0,"rotation":0,"texture":"#0"},"down":{"uv":[2.675241,4.3333335,1.3376205,7.0],"tintindex":0,"rotation":0,"texture":"#0"}}},{"from":[5.0,5.0,19.666666],"to":[11.0,11.0,23.416666],"faces":{"east":{"uv":[3.6012862,10.777778,4.37299,12.111112],"tintindex":0,"rotation":0,"texture":"#0"},"south":{"uv":[6.6881027,8.833333,7.9228296,10.166667],"tintindex":0,"rotation":0,"texture":"#0"},"north":{"uv":[5.4533763,8.833333,6.6881027,10.166667],"tintindex":0,"rotation":0,"texture":"#0"},"west":{"uv":[4.37299,10.777778,5.1446943,12.111112],"tintindex":0,"rotation":0,"texture":"#0"},"up":{"uv":[6.379421,11.611112,5.1446943,10.777778],"tintindex":0,"rotation":0,"texture":"#0"},"down":{"uv":[7.6141477,10.777778,6.379421,11.611112],"tintindex":0,"rotation":0,"texture":"#0"}}},{"from":[7.5,22.0,17.666666],"to":[8.5,23.0,18.666666],"faces":{"east":{"uv":[9.466238,15.222222,9.672026,15.444445],"tintindex":0,"rotation":0,"texture":"#0"},"south":{"uv":[9.877813,15.222222,10.083601,15.444445],"tintindex":0,"rotation":0,"texture":"#0"},"north":{"uv":[9.26045,15.222222,9.466238,15.444445],"tintindex":0,"rotation":0,"texture":"#0"},"west":{"uv":[10.083601,15.222222,10.289389,15.444445],"tintindex":0,"rotation":0,"texture":"#0"},"up":{"uv":[10.495176,15.444445,10.289389,15.222222],"tintindex":0,"rotation":0,"texture":"#0"},"down":{"uv":[10.700964,15.222222,10.495176,15.444445],"tintindex":0,"rotation":0,"texture":"#0"}},"rotation":{"origin":[8.0,10.0,28.916666],"angle":-45.0,"axis":"x"}},{"from":[7.5,24.0,15.666666],"to":[8.5,25.0,16.666666],"faces":{"east":{"uv":[14.096463,14.333333,14.302251,14.555555],"tintindex":0,"rotation":0,"texture":"#0"},"south":{"uv":[13.376205,15.222222,13.581993,15.444445],"tintindex":0,"rotation":0,"texture":"#0"},"north":{"uv":[10.700964,15.222222,10.906753,15.444445],"tintindex":0,"rotation":0,"texture":"#0"},"west":{"uv":[13.581993,15.222222,13.787781,15.444445],"tintindex":0,"rotation":0,"texture":"#0"},"up":{"uv":[13.993568,15.444445,13.787781,15.222222],"tintindex":0,"rotation":0,"texture":"#0"},"down":{"uv":[14.302251,14.944445,14.096463,15.166667],"tintindex":0,"rotation":0,"texture":"#0"}},"rotation":{"origin":[8.0,10.0,28.916666],"angle":-45.0,"axis":"x"}},{"from":[5.5,5.25,23.416666],"to":[10.5,10.75,25.666666],"faces":{"east":{"uv":[11.729903,8.777778,12.192925,10.0],"tintindex":0,"rotation":0,"texture":"#0"},"south":{"uv":[1.1318328,10.055555,2.1607716,11.277778],"tintindex":0,"rotation":0,"texture":"#0"},"north":{"uv":[9.157557,6.388889,10.186495,7.611111],"tintindex":0,"rotation":0,"texture":"#0"},"west":{"uv":[9.157557,12.666667,9.620579,13.888889],"tintindex":0,"rotation":0,"texture":"#0"},"up":{"uv":[12.96463,5.055556,11.935691,4.555556],"tintindex":0,"rotation":0,"texture":"#0"},"down":{"uv":[13.016077,2.2222223,11.987138,2.7222223],"tintindex":0,"rotation":0,"texture":"#0"}}},{"from":[7.5,15.5,23.916666],"to":[8.5,16.5,24.916666],"faces":{"east":{"uv":[14.045016,12.333333,14.250804,12.555555],"tintindex":0,"rotation":0,"texture":"#0"},"south":{"uv":[3.70418,15.222222,3.909968,15.444445],"tintindex":0,"rotation":0,"texture":"#0"},"north":{"uv":[14.045016,12.111112,14.250804,12.333333],"tintindex":0,"rotation":0,"texture":"#0"},"west":{"uv":[3.909968,15.222222,4.1157556,15.444445],"tintindex":0,"rotation":0,"texture":"#0"},"up":{"uv":[4.321543,15.444445,4.1157556,15.222222],"tintindex":0,"rotation":0,"texture":"#0"},"down":{"uv":[4.5273314,15.222222,4.321543,15.444445],"tintindex":0,"rotation":0,"texture":"#0"}},"rotation":{"origin":[8.0,10.0,28.916666],"angle":-45.0,"axis":"x"}},{"from":[7.5,19.75,19.916666],"to":[8.5,20.75,20.916666],"faces":{"east":{"uv":[8.231511,15.222222,8.437299,15.444445],"tintindex":0,"rotation":0,"texture":"#0"},"south":{"uv":[8.437299,15.222222,8.643086,15.444445],"tintindex":0,"rotation":0,"texture":"#0"},"north":{"uv":[8.025723,15.222222,8.231511,15.444445],"tintindex":0,"rotation":0,"texture":"#0"},"west":{"uv":[8.643086,15.222222,8.848874,15.444445],"tintindex":0,"rotation":0,"texture":"#0"},"up":{"uv":[9.054663,15.444445,8.848874,15.222222],"tintindex":0,"rotation":0,"texture":"#0"},"down":{"uv":[9.26045,15.222222,9.054663,15.444445],"tintindex":0,"rotation":0,"texture":"#0"}},"rotation":{"origin":[8.0,10.0,28.916666],"angle":-45.0,"axis":"x"}},{"from":[7.5,13.25,25.666666],"to":[8.5,14.25,26.666666],"faces":{"east":{"uv":[11.163987,3.3888888,11.369775,3.6111112],"tintindex":0,"rotation":0,"texture":"#0"},"south":{"uv":[1.8006431,15.166667,2.0064309,15.388889],"tintindex":0,"rotation":0,"texture":"#0"},"north":{"uv":[10.906753,7.388889,11.11254,7.611111],"tintindex":0,"rotation":0,"texture":"#0"},"west":{"uv":[2.0064309,15.166667,2.2122185,15.388889],"tintindex":0,"rotation":0,"texture":"#0"},"up":{"uv":[11.215434,15.388889,11.009646,15.166667],"tintindex":0,"rotation":0,"texture":"#0"},"down":{"uv":[14.250804,11.888889,14.045016,12.111112],"tintindex":0,"rotation":0,"texture":"#0"}},"rotation":{"origin":[8.0,10.0,28.916666],"angle":-45.0,"axis":"x"}},{"from":[7.5,17.75,21.916666],"to":[8.5,18.75,22.916666],"faces":{"east":{"uv":[4.733119,15.222222,4.9389067,15.444445],"tintindex":0,"rotation":0,"texture":"#0"},"south":{"uv":[4.9389067,15.222222,5.1446943,15.444445],"tintindex":0,"rotation":0,"texture":"#0"},"north":{"uv":[4.5273314,15.222222,4.733119,15.444445],"tintindex":0,"rotation":0,"texture":"#0"},"west":{"uv":[5.1446943,15.222222,5.350482,15.444445],"tintindex":0,"rotation":0,"texture":"#0"},"up":{"uv":[7.819936,15.444445,7.6141477,15.222222],"tintindex":0,"rotation":0,"texture":"#0"},"down":{"uv":[8.025723,15.222222,7.819936,15.444445],"tintindex":0,"rotation":0,"texture":"#0"}},"rotation":{"origin":[8.0,10.0,28.916666],"angle":-45.0,"axis":"x"}}],"display":{"gui":{"rotation":[30,225,0]}}}