{"textures":{"0":"modelengine:entity/inferno_drake"},"elements":[{"from":[-1.0,-2.5,-7.0],"to":[17.0,12.5,10.0],"faces":{"east":{"uv":[11.11254,10.333333,11.987138,11.166667],"tintindex":0,"rotation":0,"texture":"#0"},"south":{"uv":[11.009646,4.555556,11.935691,5.388889],"tintindex":0,"rotation":0,"texture":"#0"},"north":{"uv":[9.157557,11.833333,10.083601,12.666667],"tintindex":0,"rotation":0,"texture":"#0"},"west":{"uv":[4.1157556,12.111112,4.9903536,12.944445],"tintindex":0,"rotation":0,"texture":"#0"},"up":{"uv":[7.459807,12.555555,6.533762,11.611112],"tintindex":0,"rotation":0,"texture":"#0"},"down":{"uv":[9.157557,11.833333,8.231511,12.777778],"tintindex":0,"rotation":0,"texture":"#0"}}}],"display":{"gui":{"rotation":[30,225,0]}}}