{"textures":{"0":"modelengine:entity/inferno_drake"},"elements":[{"from":[6.0,8.5,-5.5],"to":[10.0,11.5,11.5],"faces":{"east":{"uv":[8.643086,2.277778,7.7684884,2.4444444],"tintindex":0,"rotation":0,"texture":"#0"},"south":{"uv":[2.0578778,13.888889,1.85209,14.055555],"tintindex":0,"rotation":0,"texture":"#0"},"north":{"uv":[11.5755625,11.166667,11.369775,11.333333],"tintindex":0,"rotation":0,"texture":"#0"},"west":{"uv":[5.9678454,2.7222223,5.0932474,2.8888888],"tintindex":0,"rotation":0,"texture":"#0"},"up":{"uv":[3.498392,15.444445,3.70418,14.5],"tintindex":0,"rotation":0,"texture":"#0"},"down":{"uv":[2.3151126,14.888889,2.5209002,15.833333],"tintindex":0,"rotation":0,"texture":"#0"}},"rotation":{"origin":[8.0,7.0,8.0],"angle":-22.5,"axis":"x"}}],"display":{"gui":{"rotation":[30,225,0]}}}