{"textures":{"0":"modelengine:entity/inferno_drake"},"elements":[{"from":[6.25,8.75,9.75],"to":[9.75,11.25,17.25],"faces":{"east":{"uv":[5.0932474,2.7222223,5.9678454,2.8888888],"tintindex":0,"rotation":0,"texture":"#0"},"south":{"uv":[1.85209,13.888889,2.0578778,14.055555],"tintindex":0,"rotation":0,"texture":"#0"},"north":{"uv":[11.369775,11.166667,11.5755625,11.333333],"tintindex":0,"rotation":0,"texture":"#0"},"west":{"uv":[7.7684884,2.277778,8.643086,2.4444444],"tintindex":0,"rotation":0,"texture":"#0"},"up":{"uv":[3.70418,15.444445,3.498392,14.5],"tintindex":0,"rotation":0,"texture":"#0"},"down":{"uv":[2.5209002,14.888889,2.3151126,15.833333],"tintindex":0,"rotation":0,"texture":"#0"}},"rotation":{"origin":[8.0,7.0,8.0],"angle":-45.0,"axis":"x"}},{"from":[6.0,8.5,-5.5],"to":[10.0,11.5,11.5],"faces":{"east":{"uv":[5.0932474,2.7222223,5.9678454,2.8888888],"tintindex":0,"rotation":0,"texture":"#0"},"south":{"uv":[1.85209,13.888889,2.0578778,14.055555],"tintindex":0,"rotation":0,"texture":"#0"},"north":{"uv":[11.369775,11.166667,11.5755625,11.333333],"tintindex":0,"rotation":0,"texture":"#0"},"west":{"uv":[7.7684884,2.277778,8.643086,2.4444444],"tintindex":0,"rotation":0,"texture":"#0"},"up":{"uv":[3.70418,15.444445,3.498392,14.5],"tintindex":0,"rotation":0,"texture":"#0"},"down":{"uv":[2.5209002,14.888889,2.3151126,15.833333],"tintindex":0,"rotation":0,"texture":"#0"}},"rotation":{"origin":[8.0,7.0,8.0],"angle":-22.5,"axis":"x"}},{"from":[6.0,0.5,-0.5],"to":[10.0,3.5,11.5],"faces":{"east":{"uv":[8.643086,2.277778,9.517685,2.4444444],"tintindex":0,"rotation":0,"texture":"#0"},"south":{"uv":[14.096463,14.555555,14.302251,14.722222],"tintindex":0,"rotation":0,"texture":"#0"},"north":{"uv":[3.70418,14.055555,3.909968,14.222222],"tintindex":0,"rotation":0,"texture":"#0"},"west":{"uv":[9.517685,3.2222223,10.3922825,3.3888888],"tintindex":0,"rotation":0,"texture":"#0"},"up":{"uv":[6.996784,15.888889,6.7909966,14.944445],"tintindex":0,"rotation":0,"texture":"#0"},"down":{"uv":[7.2025723,14.944445,6.996784,15.888889],"tintindex":0,"rotation":0,"texture":"#0"}},"rotation":{"origin":[8.0,7.0,8.0],"angle":0.0,"axis":"y"}},{"from":[6.0,0.5,9.5],"to":[10.0,3.5,16.5],"faces":{"east":{"uv":[8.643086,2.277778,9.517685,2.4444444],"tintindex":0,"rotation":0,"texture":"#0"},"south":{"uv":[14.096463,14.555555,14.302251,14.722222],"tintindex":0,"rotation":0,"texture":"#0"},"north":{"uv":[3.70418,14.055555,3.909968,14.222222],"tintindex":0,"rotation":0,"texture":"#0"},"west":{"uv":[9.517685,3.2222223,10.3922825,3.3888888],"tintindex":0,"rotation":0,"texture":"#0"},"up":{"uv":[6.996784,15.888889,6.7909966,14.944445],"tintindex":0,"rotation":0,"texture":"#0"},"down":{"uv":[7.2025723,14.944445,6.996784,15.888889],"tintindex":0,"rotation":0,"texture":"#0"}},"rotation":{"origin":[8.0,7.0,8.0],"angle":0.0,"axis":"y"}}],"display":{"gui":{"rotation":[30,225,0]}}}