{"textures":{"0":"modelengine:entity/inferno_drake"},"elements":[{"from":[6.0,0.5,-0.5],"to":[10.0,3.5,11.5],"faces":{"east":{"uv":[10.3922825,3.2222223,9.517685,3.3888888],"tintindex":0,"rotation":0,"texture":"#0"},"south":{"uv":[14.302251,14.555555,14.096463,14.722222],"tintindex":0,"rotation":0,"texture":"#0"},"north":{"uv":[3.909968,14.055555,3.70418,14.222222],"tintindex":0,"rotation":0,"texture":"#0"},"west":{"uv":[9.517685,2.277778,8.643086,2.4444444],"tintindex":0,"rotation":0,"texture":"#0"},"up":{"uv":[6.7909966,15.888889,6.996784,14.944445],"tintindex":0,"rotation":0,"texture":"#0"},"down":{"uv":[6.996784,14.944445,7.2025723,15.888889],"tintindex":0,"rotation":0,"texture":"#0"}},"rotation":{"origin":[8.0,7.0,8.0],"angle":0.0,"axis":"y"}}],"display":{"gui":{"rotation":[30,225,0]}}}