{"textures":{"0":"modelengine:entity/inferno_drake"},"elements":[{"from":[-14.631573,8.554916,4.330041],"to":[1.8684273,9.054916,6.830041],"faces":{"east":{"uv":[0.7202572,11.222222,0.977492,11.277778],"tintindex":0,"rotation":0,"texture":"#0"},"south":{"uv":[13.9421215,4.388889,15.639872,4.4444447],"tintindex":0,"rotation":0,"texture":"#0"},"north":{"uv":[13.9421215,4.3333335,15.639872,4.388889],"tintindex":0,"rotation":0,"texture":"#0"},"west":{"uv":[8.231511,11.777778,8.488746,11.833333],"tintindex":0,"rotation":0,"texture":"#0"},"up":{"uv":[13.63344,5.3333335,11.935691,5.055556],"tintindex":0,"rotation":0,"texture":"#0"},"down":{"uv":[13.890675,9.444445,12.192925,9.722222],"tintindex":0,"rotation":0,"texture":"#0"}},"rotation":{"origin":[8.886921,7.597492,5.0871973],"angle":0.0,"axis":"y"}},{"from":[-14.731312,7.004917,3.5954256],"to":[3.2686882,9.004917,5.5954256],"faces":{"east":{"uv":[5.762058,15.388889,5.9678454,15.611112],"tintindex":0,"rotation":0,"texture":"#0"},"south":{"uv":[10.032154,13.888889,11.884244,14.111112],"tintindex":0,"rotation":0,"texture":"#0"},"north":{"uv":[0.0,13.888889,1.85209,14.111112],"tintindex":0,"rotation":0,"texture":"#0"},"west":{"uv":[5.9678454,15.388889,6.1736336,15.611112],"tintindex":0,"rotation":0,"texture":"#0"},"up":{"uv":[13.736334,14.111112,11.884244,13.888889],"tintindex":0,"rotation":0,"texture":"#0"},"down":{"uv":[14.765273,8.666667,12.913183,8.888889],"tintindex":0,"rotation":0,"texture":"#0"}}}],"display":{"gui":{"rotation":[30,225,0]}}}