{"textures":{"0":"modelengine:entity/inferno_drake"},"elements":[{"from":[-13.296577,6.1439056,10.833334],"to":[9.703425,9.143906,13.833334],"faces":{"east":{"uv":[3.0353696,14.5,3.498392,15.0],"tintindex":0,"rotation":0,"texture":"#0"},"south":{"uv":[3.8070738,8.333333,7.356913,8.833333],"tintindex":0,"rotation":0,"texture":"#0"},"north":{"uv":[7.6141477,3.3888888,11.163987,3.8888888],"tintindex":0,"rotation":0,"texture":"#0"},"west":{"uv":[7.2540193,14.5,7.7170415,15.0],"tintindex":0,"rotation":0,"texture":"#0"},"up":{"uv":[10.906753,8.833333,7.356913,8.333333],"tintindex":0,"rotation":0,"texture":"#0"},"down":{"uv":[11.318328,0.0,7.7684884,0.5],"tintindex":0,"rotation":0,"texture":"#0"}}},{"from":[-8.886637,8.7453575,13.833334],"to":[9.446697,9.078691,18.5],"faces":{"east":{"uv":[5.9678454,2.7222223,6.6881027,2.777778],"tintindex":0,"rotation":0,"texture":"#0"},"south":{"uv":[12.501608,3.6666667,15.331189,3.7222223],"tintindex":0,"rotation":0,"texture":"#0"},"north":{"uv":[12.501608,3.6111112,15.331189,3.6666667],"tintindex":0,"rotation":0,"texture":"#0"},"west":{"uv":[5.9678454,2.777778,6.6881027,2.8333333],"tintindex":0,"rotation":0,"texture":"#0"},"up":{"uv":[5.504823,6.3333335,2.675241,5.555556],"tintindex":0,"rotation":0,"texture":"#0"},"down":{"uv":[8.180064,4.111111,5.350482,4.888889],"tintindex":0,"rotation":0,"texture":"#0"}}}],"display":{"gui":{"rotation":[30,225,0]}}}