{"textures":{"0":"modelengine:entity/inferno_drake"},"elements":[{"from":[-11.6702385,8.432066,1.0191259],"to":[4.8297615,8.932066,3.519126],"faces":{"east":{"uv":[11.935691,5.3333335,12.192925,5.388889],"tintindex":0,"rotation":0,"texture":"#0"},"south":{"uv":[13.9421215,6.555556,15.639872,6.611111],"tintindex":0,"rotation":0,"texture":"#0"},"north":{"uv":[13.9421215,6.5,15.639872,6.555556],"tintindex":0,"rotation":0,"texture":"#0"},"west":{"uv":[3.2411575,13.555555,3.498392,13.611112],"tintindex":0,"rotation":0,"texture":"#0"},"up":{"uv":[13.9421215,4.2777777,12.244372,4.0],"tintindex":0,"rotation":0,"texture":"#0"},"down":{"uv":[13.9421215,4.2777777,12.244372,4.555556],"tintindex":0,"rotation":0,"texture":"#0"}},"rotation":{"origin":[8.886921,7.597492,5.0871973],"angle":0.0,"axis":"y"}},{"from":[-11.917225,6.8820667,0.15849018],"to":[6.082779,8.882067,2.1584902],"faces":{"east":{"uv":[14.250804,11.888889,14.456592,12.111112],"tintindex":0,"rotation":0,"texture":"#0"},"south":{"uv":[12.913183,10.666667,14.765273,10.888889],"tintindex":0,"rotation":0,"texture":"#0"},"north":{"uv":[12.913183,10.444445,14.765273,10.666667],"tintindex":0,"rotation":0,"texture":"#0"},"west":{"uv":[14.250804,12.111112,14.456592,12.333333],"tintindex":0,"rotation":0,"texture":"#0"},"up":{"uv":[14.765273,11.111112,12.913183,10.888889],"tintindex":0,"rotation":0,"texture":"#0"},"down":{"uv":[5.8135047,14.0,3.9614148,14.222222],"tintindex":0,"rotation":0,"texture":"#0"}}}],"display":{"gui":{"rotation":[30,225,0]}}}