{"textures":{"0":"modelengine:entity/inferno_drake"},"elements":[{"from":[-14.010956,8.471346,5.44456],"to":[4.489044,8.971346,13.94456],"faces":{"east":{"uv":[7.2025723,13.944445,8.07717,14.0],"tintindex":0,"rotation":0,"texture":"#0"},"south":{"uv":[1.9035369,8.777778,3.8070738,8.833333],"tintindex":0,"rotation":0,"texture":"#0"},"north":{"uv":[1.9035369,8.722222,3.8070738,8.777778],"tintindex":0,"rotation":0,"texture":"#0"},"west":{"uv":[9.054663,13.944445,9.92926,14.0],"tintindex":0,"rotation":0,"texture":"#0"},"up":{"uv":[7.2540193,7.388889,5.350482,6.4444447],"tintindex":0,"rotation":0,"texture":"#0"},"down":{"uv":[1.9035369,7.0,0.0,7.9444447],"tintindex":0,"rotation":0,"texture":"#0"}}},{"from":[-15.510956,7.021345,3.44456],"to":[4.989044,9.021345,5.44456],"faces":{"east":{"uv":[5.350482,15.388889,5.55627,15.611112],"tintindex":0,"rotation":0,"texture":"#0"},"south":{"uv":[12.347267,12.555555,14.456592,12.777778],"tintindex":0,"rotation":0,"texture":"#0"},"north":{"uv":[12.244372,7.3333335,14.353698,7.555556],"tintindex":0,"rotation":0,"texture":"#0"},"west":{"uv":[5.55627,15.388889,5.762058,15.611112],"tintindex":0,"rotation":0,"texture":"#0"},"up":{"uv":[14.456592,13.0,12.347267,12.777778],"tintindex":0,"rotation":0,"texture":"#0"},"down":{"uv":[14.456592,13.0,12.347267,13.222222],"tintindex":0,"rotation":0,"texture":"#0"}}}],"display":{"gui":{"rotation":[30,225,0]}}}