{"textures":{"0":"modelengine:entity/inferno_drake"},"elements":[{"from":[9.090309,5.2944794,17.804953],"to":[14.090309,9.294479,20.804953],"faces":{"east":{"uv":[5.350482,5.2777777,5.504823,5.5],"tintindex":0,"rotation":0,"texture":"#0"},"south":{"uv":[12.861736,15.111112,13.118971,15.333333],"tintindex":0,"rotation":0,"texture":"#0"},"north":{"uv":[11.729903,10.0,11.987138,10.222222],"tintindex":0,"rotation":0,"texture":"#0"},"west":{"uv":[10.855306,4.555556,11.009646,4.7777777],"tintindex":0,"rotation":0,"texture":"#0"},"up":{"uv":[11.369775,11.333333,11.11254,11.166667],"tintindex":0,"rotation":0,"texture":"#0"},"down":{"uv":[12.141479,3.7222223,11.884244,3.8888888],"tintindex":0,"rotation":0,"texture":"#0"}},"rotation":{"origin":[10.927017,10.0,9.880589],"angle":-22.5,"axis":"y"}},{"from":[8.249237,5.2944794,18.293913],"to":[12.249237,9.294479,27.293913],"faces":{"east":{"uv":[8.231511,11.555555,8.694533,11.777778],"tintindex":0,"rotation":0,"texture":"#0"},"south":{"uv":[1.5434084,15.388889,1.749196,15.611112],"tintindex":0,"rotation":0,"texture":"#0"},"north":{"uv":[14.199357,15.166667,14.405145,15.388889],"tintindex":0,"rotation":0,"texture":"#0"},"west":{"uv":[11.11254,8.0,11.5755625,8.222222],"tintindex":0,"rotation":0,"texture":"#0"},"up":{"uv":[7.459807,13.055555,7.2540193,12.555555],"tintindex":0,"rotation":0,"texture":"#0"},"down":{"uv":[0.20578778,15.055555,0.0,15.555555],"tintindex":0,"rotation":0,"texture":"#0"}},"rotation":{"origin":[10.927017,10.0,9.880589],"angle":0.0,"axis":"z"}}],"display":{"gui":{"rotation":[30,225,0]}}}