{"textures":{"0":"modelengine:entity/inferno_drake"},"elements":[{"from":[-14.8405,6.844925,2.5397062],"to":[5.6595,8.844925,4.5397053],"faces":{"east":{"uv":[6.1736336,15.388889,6.379421,15.611112],"tintindex":0,"rotation":0,"texture":"#0"},"south":{"uv":[12.398714,5.3333335,14.5080385,5.555556],"tintindex":0,"rotation":0,"texture":"#0"},"north":{"uv":[12.347267,13.222222,14.456592,13.444445],"tintindex":0,"rotation":0,"texture":"#0"},"west":{"uv":[6.379421,15.388889,6.585209,15.611112],"tintindex":0,"rotation":0,"texture":"#0"},"up":{"uv":[14.5080385,5.7777777,12.398714,5.555556],"tintindex":0,"rotation":0,"texture":"#0"},"down":{"uv":[2.1093247,13.444445,0.0,13.666667],"tintindex":0,"rotation":0,"texture":"#0"}}},{"from":[-13.3405,8.294924,4.5397053],"to":[5.1595,8.794924,13.039705],"faces":{"east":{"uv":[9.054663,14.0,9.92926,14.055555],"tintindex":0,"rotation":0,"texture":"#0"},"south":{"uv":[13.9421215,3.8333333,15.845659,3.8888888],"tintindex":0,"rotation":0,"texture":"#0"},"north":{"uv":[13.9421215,3.777778,15.845659,3.8333333],"tintindex":0,"rotation":0,"texture":"#0"},"west":{"uv":[3.70418,15.166667,4.5787783,15.222222],"tintindex":0,"rotation":0,"texture":"#0"},"up":{"uv":[7.2540193,8.333333,5.350482,7.388889],"tintindex":0,"rotation":0,"texture":"#0"},"down":{"uv":[3.8070738,7.7777777,1.9035369,8.722222],"tintindex":0,"rotation":0,"texture":"#0"}}}],"display":{"gui":{"rotation":[30,225,0]}}}