{"textures":{"0":"modelengine:entity/inferno_drake"},"elements":[{"from":[7.0,8.0,4.0],"to":[9.0,10.0,12.0],"faces":{"east":{"uv":[13.839228,3.3888888,14.610932,3.777778],"tintindex":0,"rotation":0,"texture":"#0"},"south":{"uv":[13.839228,3.3888888,14.610932,3.777778],"tintindex":0,"rotation":0,"texture":"#0"},"north":{"uv":[13.839228,3.3888888,14.610932,3.777778],"tintindex":0,"rotation":0,"texture":"#0"},"west":{"uv":[13.839228,3.3888888,14.610932,3.777778],"tintindex":0,"rotation":0,"texture":"#0"},"up":{"uv":[13.839228,3.3888888,14.610932,3.777778],"tintindex":0,"rotation":0,"texture":"#0"},"down":{"uv":[13.839228,3.3888888,14.610932,3.777778],"tintindex":0,"rotation":0,"texture":"#0"}}}],"display":{"gui":{"rotation":[30,225,0]}}}