{"textures":{"0":"modelengine:entity/inferno_drake"},"elements":[{"from":[0.0,-12.375469,0.9434366],"to":[10.0,14.624531,14.943438],"faces":{"east":{"uv":[8.74598,10.333333,9.466238,11.833333],"tintindex":0,"rotation":0,"texture":"#0"},"south":{"uv":[10.59807,12.0,11.11254,13.5],"tintindex":0,"rotation":0,"texture":"#0"},"north":{"uv":[10.083601,12.0,10.59807,13.5],"tintindex":0,"rotation":0,"texture":"#0"},"west":{"uv":[9.466238,10.333333,10.186495,11.833333],"tintindex":0,"rotation":0,"texture":"#0"},"up":{"uv":[11.832797,15.111112,11.318328,14.333333],"tintindex":0,"rotation":0,"texture":"#0"},"down":{"uv":[12.347267,14.333333,11.832797,15.111112],"tintindex":0,"rotation":0,"texture":"#0"}}}],"display":{"gui":{"rotation":[30,225,0]}}}