{"textures":{"0":"modelengine:entity/inferno_drake"},"elements":[{"from":[0.0,2.7357025,-10.379595],"to":[3.0,5.7357025,-5.379595],"faces":{"east":{"uv":[0.874598,14.555555,1.0289389,14.833333],"tintindex":0,"rotation":0,"texture":"#0"},"south":{"uv":[0.874598,14.555555,1.0289389,14.833333],"tintindex":0,"rotation":0,"texture":"#0"},"north":{"uv":[0.874598,14.555555,1.0289389,14.833333],"tintindex":0,"rotation":0,"texture":"#0"},"west":{"uv":[0.874598,14.555555,1.0289389,14.833333],"tintindex":0,"rotation":0,"texture":"#0"},"up":{"uv":[0.874598,14.555555,1.0289389,14.833333],"tintindex":0,"rotation":0,"texture":"#0"},"down":{"uv":[0.874598,14.555555,1.0289389,14.833333],"tintindex":0,"rotation":0,"texture":"#0"}},"rotation":{"origin":[7.0,8.2357025,-10.879595],"angle":-45.0,"axis":"x"}},{"from":[13.0,2.7357025,-10.379595],"to":[16.0,5.7357025,-5.379595],"faces":{"east":{"uv":[11.627009,2.7222223,11.369775,2.5555556],"tintindex":0,"rotation":0,"texture":"#0"},"south":{"uv":[11.627009,2.7222223,11.369775,2.5555556],"tintindex":0,"rotation":0,"texture":"#0"},"north":{"uv":[11.627009,2.7222223,11.369775,2.5555556],"tintindex":0,"rotation":0,"texture":"#0"},"west":{"uv":[11.627009,2.7222223,11.369775,2.5555556],"tintindex":0,"rotation":0,"texture":"#0"},"up":{"uv":[11.627009,2.7222223,11.369775,2.5555556],"tintindex":0,"rotation":0,"texture":"#0"},"down":{"uv":[11.627009,2.7222223,11.369775,2.5555556],"tintindex":0,"rotation":0,"texture":"#0"}},"rotation":{"origin":[9.0,8.2357025,-10.879595],"angle":-45.0,"axis":"x"}},{"from":[10.0,6.7357025,-4.379595],"to":[13.0,9.7357025,14.620404],"faces":{"east":{"uv":[1.1318328,5.055556,0.926045,5.6666665],"tintindex":0,"rotation":0,"texture":"#0"},"south":{"uv":[1.1318328,5.055556,0.926045,5.6666665],"tintindex":0,"rotation":0,"texture":"#0"},"north":{"uv":[1.1318328,5.055556,0.926045,5.6666665],"tintindex":0,"rotation":0,"texture":"#0"},"west":{"uv":[1.1318328,5.055556,0.926045,5.6666665],"tintindex":0,"rotation":0,"texture":"#0"},"up":{"uv":[1.1318328,5.055556,0.926045,5.6666665],"tintindex":0,"rotation":0,"texture":"#0"},"down":{"uv":[1.1318328,5.055556,0.926045,5.6666665],"tintindex":0,"rotation":0,"texture":"#0"}},"rotation":{"origin":[12.5,8.2357025,5.1204042],"angle":-22.5,"axis":"y"}},{"from":[6.5,6.7357025,-4.379595],"to":[9.5,9.7357025,14.620404],"faces":{"east":{"uv":[2.1093247,4.611111,1.4919614,5.6666665],"tintindex":0,"rotation":0,"texture":"#0"},"south":{"uv":[2.1093247,4.611111,1.4919614,5.6666665],"tintindex":0,"rotation":0,"texture":"#0"},"north":{"uv":[2.1093247,4.611111,1.4919614,5.6666665],"tintindex":0,"rotation":0,"texture":"#0"},"west":{"uv":[2.1093247,4.611111,1.4919614,5.6666665],"tintindex":0,"rotation":0,"texture":"#0"},"up":{"uv":[2.1093247,4.611111,1.4919614,5.6666665],"tintindex":0,"rotation":0,"texture":"#0"},"down":{"uv":[2.1093247,4.611111,1.4919614,5.6666665],"tintindex":0,"rotation":0,"texture":"#0"}}},{"from":[0.0,6.7357025,-6.379595],"to":[3.0,9.7357025,-3.3795967],"faces":{"east":{"uv":[0.874598,14.555555,1.1318328,14.722222],"tintindex":0,"rotation":0,"texture":"#0"},"south":{"uv":[0.874598,14.555555,1.1318328,14.722222],"tintindex":0,"rotation":0,"texture":"#0"},"north":{"uv":[0.874598,14.555555,1.1318328,14.722222],"tintindex":0,"rotation":0,"texture":"#0"},"west":{"uv":[0.874598,14.555555,1.1318328,14.722222],"tintindex":0,"rotation":0,"texture":"#0"},"up":{"uv":[0.874598,14.555555,1.1318328,14.722222],"tintindex":0,"rotation":0,"texture":"#0"},"down":{"uv":[0.874598,14.555555,1.1318328,14.722222],"tintindex":0,"rotation":0,"texture":"#0"}}},{"from":[13.0,6.7357025,-6.379595],"to":[16.0,9.7357025,-3.3795967],"faces":{"east":{"uv":[7.2540193,13.722222,8.231511,13.944445],"tintindex":0,"rotation":0,"texture":"#0"},"south":{"uv":[8.488746,15.0,9.10611,15.222222],"tintindex":0,"rotation":0,"texture":"#0"},"north":{"uv":[0.0,13.111112,0.61736333,13.333333],"tintindex":0,"rotation":0,"texture":"#0"},"west":{"uv":[0.874598,14.555555,1.85209,14.777778],"tintindex":0,"rotation":0,"texture":"#0"},"up":{"uv":[11.987138,3.6111112,11.369775,2.5555556],"tintindex":0,"rotation":0,"texture":"#0"},"down":{"uv":[5.607717,12.277778,4.9903536,13.333333],"tintindex":0,"rotation":0,"texture":"#0"}}},{"from":[6.5,6.7357025,-6.379595],"to":[9.5,9.7357025,-4.379595],"faces":{"east":{"uv":[7.2540193,13.722222,8.231511,13.944445],"tintindex":0,"rotation":0,"texture":"#0"},"south":{"uv":[8.488746,15.0,9.10611,15.222222],"tintindex":0,"rotation":0,"texture":"#0"},"north":{"uv":[0.0,13.111112,0.61736333,13.333333],"tintindex":0,"rotation":0,"texture":"#0"},"west":{"uv":[0.874598,14.555555,1.85209,14.777778],"tintindex":0,"rotation":0,"texture":"#0"},"up":{"uv":[11.987138,3.6111112,11.369775,2.5555556],"tintindex":0,"rotation":0,"texture":"#0"},"down":{"uv":[5.607717,12.277778,4.9903536,13.333333],"tintindex":0,"rotation":0,"texture":"#0"}}},{"from":[6.5,2.7357025,-10.379595],"to":[9.5,5.7357025,-5.379595],"faces":{"east":{"uv":[11.524116,2.8333333,11.369775,2.5555556],"tintindex":0,"rotation":0,"texture":"#0"},"south":{"uv":[11.524116,2.8333333,11.369775,2.5555556],"tintindex":0,"rotation":0,"texture":"#0"},"north":{"uv":[11.524116,2.8333333,11.369775,2.5555556],"tintindex":0,"rotation":0,"texture":"#0"},"west":{"uv":[11.524116,2.8333333,11.369775,2.5555556],"tintindex":0,"rotation":0,"texture":"#0"},"up":{"uv":[11.524116,2.8333333,11.369775,2.5555556],"tintindex":0,"rotation":0,"texture":"#0"},"down":{"uv":[11.524116,2.8333333,11.369775,2.5555556],"tintindex":0,"rotation":0,"texture":"#0"}},"rotation":{"origin":[8.0,8.2357025,-10.879595],"angle":-45.0,"axis":"x"}},{"from":[3.0,6.7357025,-4.379595],"to":[6.0,9.7357025,14.620404],"faces":{"east":{"uv":[2.0578778,5.7222223,1.9035369,4.6666665],"tintindex":0,"rotation":0,"texture":"#0"},"south":{"uv":[2.0578778,5.7222223,1.9035369,4.6666665],"tintindex":0,"rotation":0,"texture":"#0"},"north":{"uv":[2.0578778,5.7222223,1.9035369,4.6666665],"tintindex":0,"rotation":0,"texture":"#0"},"west":{"uv":[2.0578778,5.7222223,1.9035369,4.6666665],"tintindex":0,"rotation":0,"texture":"#0"},"up":{"uv":[2.0578778,5.7222223,1.9035369,4.6666665],"tintindex":0,"rotation":0,"texture":"#0"},"down":{"uv":[2.0578778,5.7222223,1.9035369,4.6666665],"tintindex":0,"rotation":0,"texture":"#0"}},"rotation":{"origin":[3.5,8.2357025,5.1204042],"angle":22.5,"axis":"y"}}],"display":{"gui":{"rotation":[30,225,0]}}}