{"textures":{"0":"modelengine:entity/inferno_drake"},"elements":[{"from":[-13.556107,6.650919,1.4341555],"to":[6.9438934,8.650919,3.4341555],"faces":{"east":{"uv":[7.40836,15.388889,7.6141477,15.611112],"tintindex":0,"rotation":0,"texture":"#0"},"south":{"uv":[12.501608,2.7222223,14.610932,2.9444444],"tintindex":0,"rotation":0,"texture":"#0"},"north":{"uv":[11.627009,13.444445,13.736334,13.666667],"tintindex":0,"rotation":0,"texture":"#0"},"west":{"uv":[10.906753,15.388889,11.11254,15.611112],"tintindex":0,"rotation":0,"texture":"#0"},"up":{"uv":[14.610932,3.1666667,12.501608,2.9444444],"tintindex":0,"rotation":0,"texture":"#0"},"down":{"uv":[14.610932,3.1666667,12.501608,3.3888888],"tintindex":0,"rotation":0,"texture":"#0"}}},{"from":[-12.056107,8.10092,3.4341555],"to":[12.443893,8.60092,16.434155],"faces":{"east":{"uv":[5.9678454,2.8333333,7.305466,2.8888888],"tintindex":0,"rotation":0,"texture":"#0"},"south":{"uv":[13.63344,5.2222223,16.15434,5.2777777],"tintindex":0,"rotation":0,"texture":"#0"},"north":{"uv":[13.016077,2.6666667,15.536977,2.7222223],"tintindex":0,"rotation":0,"texture":"#0"},"west":{"uv":[4.1157556,10.055555,5.4533763,10.111112],"tintindex":0,"rotation":0,"texture":"#0"},"up":{"uv":[5.0932474,1.4444444,2.5723472,0.0],"tintindex":0,"rotation":0,"texture":"#0"},"down":{"uv":[5.0932474,1.4444444,2.5723472,2.8888888],"tintindex":0,"rotation":0,"texture":"#0"}}}],"display":{"gui":{"rotation":[30,225,0]}}}