{"textures":{"0":"modelengine:entity/inferno_drake"},"elements":[{"from":[-10.925362,6.7220726,0.44129848],"to":[9.574638,8.722073,2.4412985],"faces":{"east":{"uv":[14.250804,12.333333,14.456592,12.555555],"tintindex":0,"rotation":0,"texture":"#0"},"south":{"uv":[12.501608,5.7777777,14.610932,6.0],"tintindex":0,"rotation":0,"texture":"#0"},"north":{"uv":[12.501608,3.3888888,14.610932,3.6111112],"tintindex":0,"rotation":0,"texture":"#0"},"west":{"uv":[14.250804,13.666667,14.456592,13.888889],"tintindex":0,"rotation":0,"texture":"#0"},"up":{"uv":[14.610932,6.2222223,12.501608,6.0],"tintindex":0,"rotation":0,"texture":"#0"},"down":{"uv":[14.610932,6.2222223,12.501608,6.4444447],"tintindex":0,"rotation":0,"texture":"#0"}}},{"from":[-7.5776825,8.172073,0.875556],"to":[10.4223175,8.672073,7.375556],"faces":{"east":{"uv":[10.906753,8.777778,11.5755625,8.833333],"tintindex":0,"rotation":0,"texture":"#0"},"south":{"uv":[13.9421215,4.1666665,15.794212,4.2222223],"tintindex":0,"rotation":0,"texture":"#0"},"north":{"uv":[13.9421215,4.111111,15.794212,4.1666665],"tintindex":0,"rotation":0,"texture":"#0"},"west":{"uv":[11.987138,11.111112,12.655949,11.166667],"tintindex":0,"rotation":0,"texture":"#0"},"up":{"uv":[2.9839227,10.055555,1.1318328,9.333333],"tintindex":0,"rotation":0,"texture":"#0"},"down":{"uv":[4.836013,9.333333,2.9839227,10.055555],"tintindex":0,"rotation":0,"texture":"#0"}}}],"display":{"gui":{"rotation":[30,225,0]}}}