{"textures":{"0":"modelengine:entity/inferno_drake"},"elements":[{"from":[-9.426378,8.426754,5.833333],"to":[7.906956,8.760087,13.166667],"faces":{"east":{"uv":[13.9421215,7.2777777,15.073955,7.3333335],"tintindex":0,"rotation":0,"texture":"#0"},"south":{"uv":[12.707396,11.666667,15.382636,11.722222],"tintindex":0,"rotation":0,"texture":"#0"},"north":{"uv":[12.707396,11.611112,15.382636,11.666667],"tintindex":0,"rotation":0,"texture":"#0"},"west":{"uv":[13.993568,8.555555,15.1254015,8.611112],"tintindex":0,"rotation":0,"texture":"#0"},"up":{"uv":[5.350482,5.555556,2.675241,4.3333335],"tintindex":0,"rotation":0,"texture":"#0"},"down":{"uv":[7.6141477,2.8888888,4.9389067,4.111111],"tintindex":0,"rotation":0,"texture":"#0"}}},{"from":[-8.682041,8.520348,10.5],"to":[3.9846263,8.85368,14.166667],"faces":{"east":{"uv":[4.836013,10.0,5.4019294,10.055555],"tintindex":0,"rotation":0,"texture":"#0"},"south":{"uv":[13.890675,9.888889,15.845659,9.944445],"tintindex":0,"rotation":0,"texture":"#0"},"north":{"uv":[13.63344,5.2777777,15.588424,5.3333335],"tintindex":0,"rotation":0,"texture":"#0"},"west":{"uv":[11.627009,13.388889,12.192925,13.444445],"tintindex":0,"rotation":0,"texture":"#0"},"up":{"uv":[11.11254,8.222222,9.157557,7.611111],"tintindex":0,"rotation":0,"texture":"#0"},"down":{"uv":[4.1157556,10.055555,2.1607716,10.666667],"tintindex":0,"rotation":0,"texture":"#0"}},"rotation":{"origin":[-2.5153751,13.020347,15.166667],"angle":22.5,"axis":"y"}},{"from":[-9.426378,5.760087,5.5],"to":[7.906956,8.760087,8.5],"faces":{"east":{"uv":[6.7909966,14.444445,7.2540193,14.944445],"tintindex":0,"rotation":0,"texture":"#0"},"south":{"uv":[8.180064,4.388889,10.855306,4.888889],"tintindex":0,"rotation":0,"texture":"#0"},"north":{"uv":[8.180064,3.8888888,10.855306,4.388889],"tintindex":0,"rotation":0,"texture":"#0"},"west":{"uv":[2.5723472,14.5,3.0353696,15.0],"tintindex":0,"rotation":0,"texture":"#0"},"up":{"uv":[11.009646,5.388889,8.334405,4.888889],"tintindex":0,"rotation":0,"texture":"#0"},"down":{"uv":[11.009646,5.388889,8.334405,5.888889],"tintindex":0,"rotation":0,"texture":"#0"}}}],"display":{"gui":{"rotation":[30,225,0]}}}