{"textures":{"0":"modelengine:entity/inferno_drake"},"elements":[{"from":[-13.967762,6.810913,2.0825129],"to":[4.032238,8.810913,4.082514],"faces":{"east":{"uv":[6.585209,15.388889,6.7909966,15.611112],"tintindex":0,"rotation":0,"texture":"#0"},"south":{"uv":[12.913183,9.111112,14.765273,9.333333],"tintindex":0,"rotation":0,"texture":"#0"},"north":{"uv":[12.913183,8.888889,14.765273,9.111112],"tintindex":0,"rotation":0,"texture":"#0"},"west":{"uv":[7.2025723,15.388889,7.40836,15.611112],"tintindex":0,"rotation":0,"texture":"#0"},"up":{"uv":[14.765273,10.222222,12.913183,10.0],"tintindex":0,"rotation":0,"texture":"#0"},"down":{"uv":[14.765273,10.222222,12.913183,10.444445],"tintindex":0,"rotation":0,"texture":"#0"}}},{"from":[-13.802753,8.360912,2.8518744],"to":[2.6972466,8.860912,5.3518744],"faces":{"east":{"uv":[8.488746,11.777778,8.74598,11.833333],"tintindex":0,"rotation":0,"texture":"#0"},"south":{"uv":[13.9421215,4.5,15.639872,4.555556],"tintindex":0,"rotation":0,"texture":"#0"},"north":{"uv":[13.9421215,4.4444447,15.639872,4.5],"tintindex":0,"rotation":0,"texture":"#0"},"west":{"uv":[6.2250805,12.5,6.482315,12.555555],"tintindex":0,"rotation":0,"texture":"#0"},"up":{"uv":[13.890675,10.0,12.192925,9.722222],"tintindex":0,"rotation":0,"texture":"#0"},"down":{"uv":[13.9421215,3.7222223,12.244372,4.0],"tintindex":0,"rotation":0,"texture":"#0"}},"rotation":{"origin":[8.886921,7.597492,5.0871973],"angle":0.0,"axis":"y"}}],"display":{"gui":{"rotation":[30,225,0]}}}