{"textures":{"0":"modelengine:entity/inferno_drake"},"elements":[{"from":[7.25,7.619049,-5.8095245],"to":[8.25,8.619049,-4.8095245],"faces":{"east":{"uv":[14.662379,0.0,14.713826,0.055555556],"tintindex":0,"rotation":0,"texture":"#0"},"south":{"uv":[14.662379,0.0,14.713826,0.055555556],"tintindex":0,"rotation":0,"texture":"#0"},"north":{"uv":[14.662379,0.0,14.713826,0.055555556],"tintindex":0,"rotation":0,"texture":"#0"},"west":{"uv":[14.662379,0.0,14.713826,0.055555556],"tintindex":0,"rotation":0,"texture":"#0"},"up":{"uv":[14.662379,0.0,14.713826,0.055555556],"tintindex":0,"rotation":0,"texture":"#0"},"down":{"uv":[14.662379,0.0,14.713826,0.055555556],"tintindex":0,"rotation":0,"texture":"#0"}}},{"from":[9.75,7.619049,-5.8095245],"to":[11.25,8.619049,-4.8095245],"faces":{"east":{"uv":[14.713826,0.0,14.662379,0.055555556],"tintindex":0,"rotation":0,"texture":"#0"},"south":{"uv":[14.713826,0.0,14.662379,0.055555556],"tintindex":0,"rotation":0,"texture":"#0"},"north":{"uv":[14.713826,0.0,14.662379,0.055555556],"tintindex":0,"rotation":0,"texture":"#0"},"west":{"uv":[14.713826,0.0,14.662379,0.055555556],"tintindex":0,"rotation":0,"texture":"#0"},"up":{"uv":[14.713826,0.0,14.662379,0.055555556],"tintindex":0,"rotation":0,"texture":"#0"},"down":{"uv":[14.713826,0.0,14.662379,0.055555556],"tintindex":0,"rotation":0,"texture":"#0"}}},{"from":[7.75,7.619049,-5.8095245],"to":[8.75,8.619049,-4.8095245],"faces":{"east":{"uv":[14.713826,0.0,14.662379,0.055555556],"tintindex":0,"rotation":0,"texture":"#0"},"south":{"uv":[14.713826,0.0,14.662379,0.055555556],"tintindex":0,"rotation":0,"texture":"#0"},"north":{"uv":[14.713826,0.0,14.662379,0.055555556],"tintindex":0,"rotation":0,"texture":"#0"},"west":{"uv":[14.713826,0.0,14.662379,0.055555556],"tintindex":0,"rotation":0,"texture":"#0"},"up":{"uv":[14.713826,0.0,14.662379,0.055555556],"tintindex":0,"rotation":0,"texture":"#0"},"down":{"uv":[14.713826,0.0,14.662379,0.055555556],"tintindex":0,"rotation":0,"texture":"#0"}}},{"from":[1.0,7.619049,4.1904755],"to":[2.0,8.619049,5.1904755],"faces":{"east":{"uv":[14.662379,0.0,14.713826,0.055555556],"tintindex":0,"rotation":0,"texture":"#0"},"south":{"uv":[14.662379,0.0,14.713826,0.055555556],"tintindex":0,"rotation":0,"texture":"#0"},"north":{"uv":[14.662379,0.0,14.713826,0.055555556],"tintindex":0,"rotation":0,"texture":"#0"},"west":{"uv":[14.662379,0.0,14.713826,0.055555556],"tintindex":0,"rotation":0,"texture":"#0"},"up":{"uv":[14.662379,0.0,14.713826,0.055555556],"tintindex":0,"rotation":0,"texture":"#0"},"down":{"uv":[14.662379,0.0,14.713826,0.055555556],"tintindex":0,"rotation":0,"texture":"#0"}}},{"from":[1.0,7.619049,0.19047546],"to":[2.0,8.619049,1.1904755],"faces":{"east":{"uv":[14.662379,0.0,14.713826,0.055555556],"tintindex":0,"rotation":0,"texture":"#0"},"south":{"uv":[14.662379,0.0,14.713826,0.055555556],"tintindex":0,"rotation":0,"texture":"#0"},"north":{"uv":[14.662379,0.0,14.713826,0.055555556],"tintindex":0,"rotation":0,"texture":"#0"},"west":{"uv":[14.662379,0.0,14.713826,0.055555556],"tintindex":0,"rotation":0,"texture":"#0"},"up":{"uv":[14.662379,0.0,14.713826,0.055555556],"tintindex":0,"rotation":0,"texture":"#0"},"down":{"uv":[14.662379,0.0,14.713826,0.055555556],"tintindex":0,"rotation":0,"texture":"#0"}}},{"from":[1.0,7.619049,6.1904755],"to":[2.0,8.619049,7.1904755],"faces":{"east":{"uv":[14.662379,0.0,14.713826,0.055555556],"tintindex":0,"rotation":0,"texture":"#0"},"south":{"uv":[14.662379,0.0,14.713826,0.055555556],"tintindex":0,"rotation":0,"texture":"#0"},"north":{"uv":[14.662379,0.0,14.713826,0.055555556],"tintindex":0,"rotation":0,"texture":"#0"},"west":{"uv":[14.662379,0.0,14.713826,0.055555556],"tintindex":0,"rotation":0,"texture":"#0"},"up":{"uv":[14.662379,0.0,14.713826,0.055555556],"tintindex":0,"rotation":0,"texture":"#0"},"down":{"uv":[14.662379,0.0,14.713826,0.055555556],"tintindex":0,"rotation":0,"texture":"#0"}}},{"from":[1.0,7.619049,-5.8095245],"to":[2.0,8.619049,-4.8095245],"faces":{"east":{"uv":[14.662379,0.0,14.713826,0.055555556],"tintindex":0,"rotation":0,"texture":"#0"},"south":{"uv":[14.662379,0.0,14.713826,0.055555556],"tintindex":0,"rotation":0,"texture":"#0"},"north":{"uv":[14.662379,0.0,14.713826,0.055555556],"tintindex":0,"rotation":0,"texture":"#0"},"west":{"uv":[14.662379,0.0,14.713826,0.055555556],"tintindex":0,"rotation":0,"texture":"#0"},"up":{"uv":[14.662379,0.0,14.713826,0.055555556],"tintindex":0,"rotation":0,"texture":"#0"},"down":{"uv":[14.662379,0.0,14.713826,0.055555556],"tintindex":0,"rotation":0,"texture":"#0"}}},{"from":[14.0,7.619049,-5.8095245],"to":[15.0,8.619049,-4.8095245],"faces":{"east":{"uv":[14.713826,0.0,14.662379,0.055555556],"tintindex":0,"rotation":0,"texture":"#0"},"south":{"uv":[14.713826,0.0,14.662379,0.055555556],"tintindex":0,"rotation":0,"texture":"#0"},"north":{"uv":[14.713826,0.0,14.662379,0.055555556],"tintindex":0,"rotation":0,"texture":"#0"},"west":{"uv":[14.713826,0.0,14.662379,0.055555556],"tintindex":0,"rotation":0,"texture":"#0"},"up":{"uv":[14.713826,0.0,14.662379,0.055555556],"tintindex":0,"rotation":0,"texture":"#0"},"down":{"uv":[14.713826,0.0,14.662379,0.055555556],"tintindex":0,"rotation":0,"texture":"#0"}}},{"from":[11.75,7.619049,-5.8095245],"to":[13.25,8.619049,-4.8095245],"faces":{"east":{"uv":[14.713826,0.0,14.662379,0.055555556],"tintindex":0,"rotation":0,"texture":"#0"},"south":{"uv":[14.713826,0.0,14.662379,0.055555556],"tintindex":0,"rotation":0,"texture":"#0"},"north":{"uv":[14.713826,0.0,14.662379,0.055555556],"tintindex":0,"rotation":0,"texture":"#0"},"west":{"uv":[14.713826,0.0,14.662379,0.055555556],"tintindex":0,"rotation":0,"texture":"#0"},"up":{"uv":[14.713826,0.0,14.662379,0.055555556],"tintindex":0,"rotation":0,"texture":"#0"},"down":{"uv":[14.713826,0.0,14.662379,0.055555556],"tintindex":0,"rotation":0,"texture":"#0"}}},{"from":[1.0,3.619049,-5.8095245],"to":[15.0,7.619049,8.190475],"faces":{"east":{"uv":[0.874598,14.777778,1.5948553,15.055555],"tintindex":0,"rotation":0,"texture":"#0"},"south":{"uv":[1.5948553,14.888889,2.3151126,15.166667],"tintindex":0,"rotation":0,"texture":"#0"},"north":{"uv":[11.163987,3.6111112,11.884244,3.8888888],"tintindex":0,"rotation":0,"texture":"#0"},"west":{"uv":[9.877813,14.888889,10.59807,15.166667],"tintindex":0,"rotation":0,"texture":"#0"},"up":{"uv":[2.623794,7.7777777,1.9035369,7.0],"tintindex":0,"rotation":0,"texture":"#0"},"down":{"uv":[12.553055,0.0,11.832797,0.7777778],"tintindex":0,"rotation":0,"texture":"#0"}}},{"from":[1.0,7.619049,-3.8095245],"to":[2.0,8.619049,-2.8095245],"faces":{"east":{"uv":[14.662379,0.0,14.713826,0.055555556],"tintindex":0,"rotation":0,"texture":"#0"},"south":{"uv":[14.662379,0.0,14.713826,0.055555556],"tintindex":0,"rotation":0,"texture":"#0"},"north":{"uv":[14.662379,0.0,14.713826,0.055555556],"tintindex":0,"rotation":0,"texture":"#0"},"west":{"uv":[14.662379,0.0,14.713826,0.055555556],"tintindex":0,"rotation":0,"texture":"#0"},"up":{"uv":[14.662379,0.0,14.713826,0.055555556],"tintindex":0,"rotation":0,"texture":"#0"},"down":{"uv":[14.662379,0.0,14.713826,0.055555556],"tintindex":0,"rotation":0,"texture":"#0"}}},{"from":[1.0,7.619049,2.1904755],"to":[2.0,8.619049,3.1904755],"faces":{"east":{"uv":[14.662379,0.0,14.713826,0.055555556],"tintindex":0,"rotation":0,"texture":"#0"},"south":{"uv":[14.662379,0.0,14.713826,0.055555556],"tintindex":0,"rotation":0,"texture":"#0"},"north":{"uv":[14.662379,0.0,14.713826,0.055555556],"tintindex":0,"rotation":0,"texture":"#0"},"west":{"uv":[14.662379,0.0,14.713826,0.055555556],"tintindex":0,"rotation":0,"texture":"#0"},"up":{"uv":[14.662379,0.0,14.713826,0.055555556],"tintindex":0,"rotation":0,"texture":"#0"},"down":{"uv":[14.662379,0.0,14.713826,0.055555556],"tintindex":0,"rotation":0,"texture":"#0"}}},{"from":[14.0,7.619049,6.1904755],"to":[15.0,8.619049,7.1904755],"faces":{"east":{"uv":[14.713826,0.0,14.662379,0.055555556],"tintindex":0,"rotation":0,"texture":"#0"},"south":{"uv":[14.713826,0.0,14.662379,0.055555556],"tintindex":0,