{"textures":{"0":"modelengine:entity/inferno_drake"},"elements":[{"from":[5.25,4.9306192,5.443563],"to":[10.75,10.430619,7.943563],"faces":{"east":{"uv":[6.2250805,12.555555,6.7395496,13.777778],"tintindex":0,"rotation":0,"texture":"#0"},"south":{"uv":[0.0,8.888889,1.1318328,10.111112],"tintindex":0,"rotation":0,"texture":"#0"},"north":{"uv":[7.9228296,8.833333,9.054663,10.055555],"tintindex":0,"rotation":0,"texture":"#0"},"west":{"uv":[6.7395496,12.555555,7.2540193,13.777778],"tintindex":0,"rotation":0,"texture":"#0"},"up":{"uv":[12.707396,11.722222,11.5755625,11.166667],"tintindex":0,"rotation":0,"texture":"#0"},"down":{"uv":[12.758842,7.555556,11.627009,8.111112],"tintindex":0,"rotation":0,"texture":"#0"}}},{"from":[7.5,25.680618,13.193563],"to":[8.5,26.680618,14.193563],"faces":{"east":{"uv":[0.8231511,15.277778,1.0289389,15.5],"tintindex":0,"rotation":0,"texture":"#0"},"south":{"uv":[1.0289389,15.277778,1.2347267,15.5],"tintindex":0,"rotation":0,"texture":"#0"},"north":{"uv":[13.993568,15.222222,14.199357,15.444445],"tintindex":0,"rotation":0,"texture":"#0"},"west":{"uv":[0.41157556,15.333333,0.61736333,15.555555],"tintindex":0,"rotation":0,"texture":"#0"},"up":{"uv":[0.8231511,15.555555,0.61736333,15.333333],"tintindex":0,"rotation":0,"texture":"#0"},"down":{"uv":[11.421222,15.333333,11.215434,15.555555],"tintindex":0,"rotation":0,"texture":"#0"}},"rotation":{"origin":[8.0,9.680619,29.193563],"angle":-45.0,"axis":"x"}}],"display":{"gui":{"rotation":[30,225,0]}}}