{"textures":{"0":"modelengine:entity/inferno_drake"},"elements":[{"from":[4.5,7.265476,-2.5903282],"to":[11.5,9.265476,-0.21532822],"faces":{"east":{"uv":[8.74598,10.055555,9.003215,10.277778],"tintindex":0,"rotation":0,"texture":"#0"},"south":{"uv":[4.733119,15.0,5.4533763,15.222222],"tintindex":0,"rotation":0,"texture":"#0"},"north":{"uv":[13.736334,13.888889,14.456592,14.111112],"tintindex":0,"rotation":0,"texture":"#0"},"west":{"uv":[6.2250805,12.277778,6.482315,12.5],"tintindex":0,"rotation":0,"texture":"#0"},"up":{"uv":[11.318328,15.166667,10.59807,14.888889],"tintindex":0,"rotation":0,"texture":"#0"},"down":{"uv":[14.096463,14.944445,13.376205,15.222222],"tintindex":0,"rotation":0,"texture":"#0"}},"rotation":{"origin":[8.0,1.0154762,-1.2153282],"angle":22.5,"axis":"x"}},{"from":[4.5,5.765476,3.0346718],"to":[11.5,12.265476,8.034672],"faces":{"east":{"uv":[3.70418,14.444445,4.2186494,15.166667],"tintindex":0,"rotation":0,"texture":"#0"},"south":{"uv":[11.884244,1.5,12.604502,2.2222223],"tintindex":0,"rotation":0,"texture":"#0"},"north":{"uv":[11.884244,0.7777778,12.604502,1.5],"tintindex":0,"rotation":0,"texture":"#0"},"west":{"uv":[4.2186494,14.444445,4.733119,15.166667],"tintindex":0,"rotation":0,"texture":"#0"},"up":{"uv":[10.59807,14.888889,9.877813,14.333333],"tintindex":0,"rotation":0,"texture":"#0"},"down":{"uv":[11.318328,14.333333,10.59807,14.888889],"tintindex":0,"rotation":0,"texture":"#0"}}},{"from":[4.5,12.265476,-4.590328],"to":[11.5,14.265476,-1.2153282],"faces":{"east":{"uv":[4.630225,12.944445,4.9903536,13.166667],"tintindex":0,"rotation":0,"texture":"#0"},"south":{"uv":[13.736334,13.444445,14.456592,13.666667],"tintindex":0,"rotation":0,"texture":"#0"},"north":{"uv":[10.186495,7.388889,10.906753,7.611111],"tintindex":0,"rotation":0,"texture":"#0"},"west":{"uv":[13.993568,8.111112,14.353698,8.333333],"tintindex":0,"rotation":0,"texture":"#0"},"up":{"uv":[14.096463,14.722222,13.376205,14.333333],"tintindex":0,"rotation":0,"texture":"#0"},"down":{"uv":[2.5723472,14.5,1.85209,14.888889],"tintindex":0,"rotation":0,"texture":"#0"}},"rotation":{"origin":[8.0,1.0154762,-1.2153282],"angle":22.5,"axis":"x"}}],"display":{"gui":{"rotation":[30,225,0]}}}