{"textures":{"0":"modelengine:entity/inferno_drake"},"elements":[{"from":[7.5,27.161612,13.462757],"to":[8.5,28.161612,14.462757],"faces":{"east":{"uv":[11.627009,15.333333,11.832797,15.555555],"tintindex":0,"rotation":0,"texture":"#0"},"south":{"uv":[11.832797,15.333333,12.038585,15.555555],"tintindex":0,"rotation":0,"texture":"#0"},"north":{"uv":[11.421222,15.333333,11.627009,15.555555],"tintindex":0,"rotation":0,"texture":"#0"},"west":{"uv":[12.038585,15.333333,12.244372,15.555555],"tintindex":0,"rotation":0,"texture":"#0"},"up":{"uv":[13.067524,15.555555,12.861736,15.333333],"tintindex":0,"rotation":0,"texture":"#0"},"down":{"uv":[13.273312,15.333333,13.067524,15.555555],"tintindex":0,"rotation":0,"texture":"#0"}},"rotation":{"origin":[8.0,9.911612,31.462757],"angle":-45.0,"axis":"x"}},{"from":[5.75,5.6616116,5.212757],"to":[10.25,10.161612,7.712757],"faces":{"east":{"uv":[11.987138,2.7222223,12.501608,3.7222223],"tintindex":0,"rotation":0,"texture":"#0"},"south":{"uv":[10.186495,10.333333,11.11254,11.333333],"tintindex":0,"rotation":0,"texture":"#0"},"north":{"uv":[10.186495,6.388889,11.11254,7.388889],"tintindex":0,"rotation":0,"texture":"#0"},"west":{"uv":[4.1157556,12.944445,4.630225,13.944445],"tintindex":0,"rotation":0,"texture":"#0"},"up":{"uv":[12.913183,10.555555,11.987138,10.0],"tintindex":0,"rotation":0,"texture":"#0"},"down":{"uv":[12.913183,10.555555,11.987138,11.111112],"tintindex":0,"rotation":0,"texture":"#0"}}}],"display":{"gui":{"rotation":[30,225,0]}}}