{"textures":{"0":"modelengine:entity/inferno_drake"},"elements":[{"from":[6.0,-12.375469,0.9434366],"to":[16.0,14.624531,14.943438],"faces":{"east":{"uv":[2.1607716,10.666667,2.881029,12.166667],"tintindex":0,"rotation":0,"texture":"#0"},"south":{"uv":[3.6012862,12.111112,4.1157556,13.611112],"tintindex":0,"rotation":0,"texture":"#0"},"north":{"uv":[11.11254,12.0,11.627009,13.5],"tintindex":0,"rotation":0,"texture":"#0"},"west":{"uv":[2.881029,10.666667,3.6012862,12.166667],"tintindex":0,"rotation":0,"texture":"#0"},"up":{"uv":[12.861736,15.111112,12.347267,14.333333],"tintindex":0,"rotation":0,"texture":"#0"},"down":{"uv":[13.376205,14.333333,12.861736,15.111112],"tintindex":0,"rotation":0,"texture":"#0"}}}],"display":{"gui":{"rotation":[30,225,0]}}}