{"textures":{"0":"modelengine:entity/inferno_drake"},"elements":[{"from":[14.452114,8.7313385,5.4096346],"to":[30.952114,9.2313385,7.9096346],"faces":{"east":{"uv":[9.003215,10.277778,8.74598,10.333333],"tintindex":0,"rotation":0,"texture":"#0"},"south":{"uv":[10.855306,8.277778,9.157557,8.333333],"tintindex":0,"rotation":0,"texture":"#0"},"north":{"uv":[10.855306,8.222222,9.157557,8.277778],"tintindex":0,"rotation":0,"texture":"#0"},"west":{"uv":[7.5627007,2.8333333,7.305466,2.8888888],"tintindex":0,"rotation":0,"texture":"#0"},"up":{"uv":[5.0932474,2.7222223,6.7909966,2.4444444],"tintindex":0,"rotation":0,"texture":"#0"},"down":{"uv":[7.7684884,2.0,9.466238,2.277778],"tintindex":0,"rotation":0,"texture":"#0"}},"rotation":{"origin":[7.113079,7.597492,5.0871973],"angle":0.0,"axis":"y"}},{"from":[13.004459,7.1813374,4.687974],"to":[31.00446,9.181337,6.687974],"faces":{"east":{"uv":[2.1607716,15.388889,1.954984,15.611112],"tintindex":0,"rotation":0,"texture":"#0"},"south":{"uv":[14.610932,7.555556,12.758842,7.7777777],"tintindex":0,"rotation":0,"texture":"#0"},"north":{"uv":[3.9614148,13.611112,2.1093247,13.833333],"tintindex":0,"rotation":0,"texture":"#0"},"west":{"uv":[1.954984,15.388889,1.749196,15.611112],"tintindex":0,"rotation":0,"texture":"#0"},"up":{"uv":[12.758842,8.0,14.610932,7.7777777],"tintindex":0,"rotation":0,"texture":"#0"},"down":{"uv":[2.1093247,13.833333,3.9614148,14.055555],"tintindex":0,"rotation":0,"texture":"#0"}}}],"display":{"gui":{"rotation":[30,225,0]}}}