{"textures":{"0":"modelengine:entity/inferno_drake"},"elements":[{"from":[6.5,6.7357025,-5.379595],"to":[9.5,9.7357025,-3.3795948],"faces":{"east":{"uv":[1.85209,14.555555,0.874598,14.777778],"tintindex":0,"rotation":0,"texture":"#0"},"south":{"uv":[9.10611,15.0,8.488746,15.222222],"tintindex":0,"rotation":0,"texture":"#0"},"north":{"uv":[0.61736333,13.111112,0.0,13.333333],"tintindex":0,"rotation":0,"texture":"#0"},"west":{"uv":[8.231511,13.722222,7.2540193,13.944445],"tintindex":0,"rotation":0,"texture":"#0"},"up":{"uv":[11.369775,3.6111112,11.987138,2.5555556],"tintindex":0,"rotation":0,"texture":"#0"},"down":{"uv":[4.9903536,12.277778,5.607717,13.333333],"tintindex":0,"rotation":0,"texture":"#0"}}},{"from":[6.5,6.7357025,-3.3795948],"to":[9.5,9.7357025,15.620404],"faces":{"east":{"uv":[0.926045,5.611111,0.30868167,5.8333335],"tintindex":0,"rotation":0,"texture":"#0"},"south":{"uv":[0.926045,5.611111,0.30868167,5.8333335],"tintindex":0,"rotation":0,"texture":"#0"},"north":{"uv":[0.926045,5.611111,0.30868167,5.8333335],"tintindex":0,"rotation":0,"texture":"#0"},"west":{"uv":[0.926045,5.611111,0.30868167,5.8333335],"tintindex":0,"rotation":0,"texture":"#0"},"up":{"uv":[0.926045,5.611111,0.30868167,5.8333335],"tintindex":0,"rotation":0,"texture":"#0"},"down":{"uv":[0.926045,5.611111,0.30868167,5.8333335],"tintindex":0,"rotation":0,"texture":"#0"}}},{"from":[13.0,6.7357025,-5.379595],"to":[16.0,9.7357025,-2.3795967],"faces":{"east":{"uv":[1.1318328,14.555555,0.874598,14.722222],"tintindex":0,"rotation":0,"texture":"#0"},"south":{"uv":[1.1318328,14.555555,0.874598,14.722222],"tintindex":0,"rotation":0,"texture":"#0"},"north":{"uv":[1.1318328,14.555555,0.874598,14.722222],"tintindex":0,"rotation":0,"texture":"#0"},"west":{"uv":[1.1318328,14.555555,0.874598,14.722222],"tintindex":0,"rotation":0,"texture":"#0"},"up":{"uv":[1.1318328,14.555555,0.874598,14.722222],"tintindex":0,"rotation":0,"texture":"#0"},"down":{"uv":[1.1318328,14.555555,0.874598,14.722222],"tintindex":0,"rotation":0,"texture":"#0"}}},{"from":[0.0,6.7357025,-5.379595],"to":[3.0,9.7357025,-2.3795967],"faces":{"east":{"uv":[1.85209,14.555555,0.874598,14.777778],"tintindex":0,"rotation":0,"texture":"#0"},"south":{"uv":[9.10611,15.0,8.488746,15.222222],"tintindex":0,"rotation":0,"texture":"#0"},"north":{"uv":[0.61736333,13.111112,0.0,13.333333],"tintindex":0,"rotation":0,"texture":"#0"},"west":{"uv":[8.231511,13.722222,7.2540193,13.944445],"tintindex":0,"rotation":0,"texture":"#0"},"up":{"uv":[11.369775,3.6111112,11.987138,2.5555556],"tintindex":0,"rotation":0,"texture":"#0"},"down":{"uv":[4.9903536,12.277778,5.607717,13.333333],"tintindex":0,"rotation":0,"texture":"#0"}}},{"from":[10.0,6.7357025,-3.3795948],"to":[13.0,9.7357025,15.620404],"faces":{"east":{"uv":[1.0289389,5.7777777,0.41157556,6.0],"tintindex":0,"rotation":0,"texture":"#0"},"south":{"uv":[1.0289389,5.7777777,0.41157556,6.0],"tintindex":0,"rotation":0,"texture":"#0"},"north":{"uv":[1.0289389,5.7777777,0.41157556,6.0],"tintindex":0,"rotation":0,"texture":"#0"},"west":{"uv":[1.0289389,5.7777777,0.41157556,6.0],"tintindex":0,"rotation":0,"texture":"#0"},"up":{"uv":[1.0289389,5.7777777,0.41157556,6.0],"tintindex":0,"rotation":0,"texture":"#0"},"down":{"uv":[1.0289389,5.7777777,0.41157556,6.0],"tintindex":0,"rotation":0,"texture":"#0"}},"rotation":{"origin":[12.5,8.2357025,6.1204042],"angle":-22.5,"axis":"y"}},{"from":[3.0,6.7357025,-3.3795948],"to":[6.0,9.7357025,15.620404],"faces":{"east":{"uv":[1.2861736,5.3333335,0.66881025,5.555556],"tintindex":0,"rotation":0,"texture":"#0"},"south":{"uv":[1.2861736,5.3333335,0.66881025,5.555556],"tintindex":0,"rotation":0,"texture":"#0"},"north":{"uv":[1.2861736,5.3333335,0.66881025,5.555556],"tintindex":0,"rotation":0,"texture":"#0"},"west":{"uv":[1.2861736,5.3333335,0.66881025,5.555556],"tintindex":0,"rotation":0,"texture":"#0"},"up":{"uv":[1.2861736,5.3333335,0.66881025,5.555556],"tintindex":0,"rotation":0,"texture":"#0"},"down":{"uv":[1.2861736,5.3333335,0.66881025,5.555556],"tintindex":0,"rotation":0,"texture":"#0"}},"rotation":{"origin":[3.5,8.2357025,6.1204042],"angle":22.5,"axis":"y"}},{"from":[0.0,2.7357025,-9.379595],"to":[3.0,5.7357025,-4.379595],"faces":{"east":{"uv":[11.369775,2.7222223,11.627009,2.5555556],"tintindex":0,"rotation":0,"texture":"#0"},"south":{"uv":[11.369775,2.7222223,11.627009,2.5555556],"tintindex":0,"rotation":0,"texture":"#0"},"north":{"uv":[11.369775,2.7222223,11.627009,2.5555556],"tintindex":0,"rotation":0,"texture":"#0"},"west":{"uv":[11.369775,2.7222223,11.627009,2.5555556],"tintindex":0,"rotation":0,"texture":"#0"},"up":{"uv":[11.369775,2.7222223,11.627009,2.5555556],"tintindex":0,"rotation":0,"texture":"#0"},"down":{"uv":[11.369775,2.7222223,11.627009,2.5555556],"tintindex":0,"rotation":0,"texture":"#0"}},"rotation":{"origin":[7.0,8.2357025,-9.879595],"angle":-45.0,"axis":"x"}},{"from":[13.0,2.7357025,-9.379595],"to":[16.0,5.7357025,-4.379595],"faces":{"east":{"uv":[1.0289389,14.555555,0.874598,14.833333],"tintindex":0,"rotation":0,"texture":"#0"},"south":{"uv":[1.0289389,14.555555,0.874598,14.833333],"tintindex":0,"rotation":0,"texture":"#0"},"north":{"uv":[1.0289389,14.555555,0.874598,14.833333],"tintindex":0,"rotation":0,"texture":"#0"},"west":{"uv":[1.0289389,14.555555,0.874598,14.833333],"tintindex":0,"rotation":0,"texture":"#0"},"up":{"uv":[1.0289389,14.555555,0.874598,14.833333],"tintindex":0,"rotation":0,"texture":"#0"},"down":{"uv":[1.0289389,14.555555,0.874598,14.833333],"tintindex":0,"rotation":0,"texture":"#0"}},"rotation":{"origin":[9.0,8.2357025,-9.879595],"angle":-45.0,"axis":"x"}},{"from":[6.5,2.7357025,-9.379595],"to":[9.5,5.7357025,-4.379595],"faces":{"east":{"uv":[11.369775,2.8333333,11.524116,2.5555556],"tintindex":0,"rotation":0,"texture":"#0"},"south":{"uv":[11.369775,2.8333333,11.524116,2.5555556],"tintindex":0,"rotation":0,"texture":"#0"},"north":{"uv":[11.369775,2.8333333,11.524116,2.5555556],"tintindex":0,"rotation":0,"texture":"#0"},"west":{"uv":[11.369775,2.8333333,11.524116,2.5555556],"tintindex":0,"rotation":0,"texture":"#0"},"up":{"uv":[11.369775,2.8333333,11.524116,2.5555556],"tintindex":0,"rotation":0,"texture":"#0"},"down":{"uv":[11.369775,2.8333333,11.524116,2.5555556],"tintindex":0,"rotation":0,"texture":"#0"}},"rotation":{"origin":[8.0,8.2357025,-9.879595],"angle":-45.0,"axis":"x"}}],"display":{"gui":{"rotation":[30,225,0]}}}