{"textures":{"0":"modelengine:entity/inferno_drake"},"elements":[{"from":[9.056107,6.650919,1.4341555],"to":[29.556107,8.650919,3.4341555],"faces":{"east":{"uv":[11.11254,15.388889,10.906753,15.611112],"tintindex":0,"rotation":0,"texture":"#0"},"south":{"uv":[14.610932,2.7222223,12.501608,2.9444444],"tintindex":0,"rotation":0,"texture":"#0"},"north":{"uv":[13.736334,13.444445,11.627009,13.666667],"tintindex":0,"rotation":0,"texture":"#0"},"west":{"uv":[7.6141477,15.388889,7.40836,15.611112],"tintindex":0,"rotation":0,"texture":"#0"},"up":{"uv":[12.501608,3.1666667,14.610932,2.9444444],"tintindex":0,"rotation":0,"texture":"#0"},"down":{"uv":[12.501608,3.1666667,14.610932,3.3888888],"tintindex":0,"rotation":0,"texture":"#0"}}},{"from":[3.5561066,8.10092,3.4341555],"to":[28.056107,8.60092,16.434155],"faces":{"east":{"uv":[5.4533763,10.055555,4.1157556,10.111112],"tintindex":0,"rotation":0,"texture":"#0"},"south":{"uv":[16.15434,5.2222223,13.63344,5.2777777],"tintindex":0,"rotation":0,"texture":"#0"},"north":{"uv":[15.536977,2.6666667,13.016077,2.7222223],"tintindex":0,"rotation":0,"texture":"#0"},"west":{"uv":[7.305466,2.8333333,5.9678454,2.8888888],"tintindex":0,"rotation":0,"texture":"#0"},"up":{"uv":[2.5723472,1.4444444,5.0932474,0.0],"tintindex":0,"rotation":0,"texture":"#0"},"down":{"uv":[2.5723472,1.4444444,5.0932474,2.8888888],"tintindex":0,"rotation":0,"texture":"#0"}}}],"display":{"gui":{"rotation":[30,225,0]}}}