{"textures":{"0":"modelengine:entity/inferno_drake"},"elements":[{"from":[10.3405,6.844925,2.5397062],"to":[30.8405,8.844925,4.5397053],"faces":{"east":{"uv":[6.585209,15.388889,6.379421,15.611112],"tintindex":0,"rotation":0,"texture":"#0"},"south":{"uv":[14.5080385,5.3333335,12.398714,5.555556],"tintindex":0,"rotation":0,"texture":"#0"},"north":{"uv":[14.456592,13.222222,12.347267,13.444445],"tintindex":0,"rotation":0,"texture":"#0"},"west":{"uv":[6.379421,15.388889,6.1736336,15.611112],"tintindex":0,"rotation":0,"texture":"#0"},"up":{"uv":[12.398714,5.7777777,14.5080385,5.555556],"tintindex":0,"rotation":0,"texture":"#0"},"down":{"uv":[0.0,13.444445,2.1093247,13.666667],"tintindex":0,"rotation":0,"texture":"#0"}}},{"from":[10.8405,8.294924,4.5397053],"to":[29.3405,8.794924,13.039705],"faces":{"east":{"uv":[4.5787783,15.166667,3.70418,15.222222],"tintindex":0,"rotation":0,"texture":"#0"},"south":{"uv":[15.845659,3.8333333,13.9421215,3.8888888],"tintindex":0,"rotation":0,"texture":"#0"},"north":{"uv":[15.845659,3.777778,13.9421215,3.8333333],"tintindex":0,"rotation":0,"texture":"#0"},"west":{"uv":[9.92926,14.0,9.054663,14.055555],"tintindex":0,"rotation":0,"texture":"#0"},"up":{"uv":[5.350482,8.333333,7.2540193,7.388889],"tintindex":0,"rotation":0,"texture":"#0"},"down":{"uv":[1.9035369,7.7777777,3.8070738,8.722222],"tintindex":0,"rotation":0,"texture":"#0"}}}],"display":{"gui":{"rotation":[30,225,0]}}}