{"textures":{"0":"modelengine:entity/inferno_drake"},"elements":[{"from":[11.510956,8.471346,5.44456],"to":[30.010956,8.971346,13.94456],"faces":{"east":{"uv":[9.92926,13.944445,9.054663,14.0],"tintindex":0,"rotation":0,"texture":"#0"},"south":{"uv":[3.8070738,8.777778,1.9035369,8.833333],"tintindex":0,"rotation":0,"texture":"#0"},"north":{"uv":[3.8070738,8.722222,1.9035369,8.777778],"tintindex":0,"rotation":0,"texture":"#0"},"west":{"uv":[8.07717,13.944445,7.2025723,14.0],"tintindex":0,"rotation":0,"texture":"#0"},"up":{"uv":[5.350482,7.388889,7.2540193,6.4444447],"tintindex":0,"rotation":0,"texture":"#0"},"down":{"uv":[0.0,7.0,1.9035369,7.9444447],"tintindex":0,"rotation":0,"texture":"#0"}}},{"from":[11.010956,7.021345,3.44456],"to":[31.510956,9.021345,5.44456],"faces":{"east":{"uv":[5.762058,15.388889,5.55627,15.611112],"tintindex":0,"rotation":0,"texture":"#0"},"south":{"uv":[14.456592,12.555555,12.347267,12.777778],"tintindex":0,"rotation":0,"texture":"#0"},"north":{"uv":[14.353698,7.3333335,12.244372,7.555556],"tintindex":0,"rotation":0,"texture":"#0"},"west":{"uv":[5.55627,15.388889,5.350482,15.611112],"tintindex":0,"rotation":0,"texture":"#0"},"up":{"uv":[12.347267,13.0,14.456592,12.777778],"tintindex":0,"rotation":0,"texture":"#0"},"down":{"uv":[12.347267,13.0,14.456592,13.222222],"tintindex":0,"rotation":0,"texture":"#0"}}}],"display":{"gui":{"rotation":[30,225,0]}}}