{"textures":{"0":"modelengine:entity/inferno_drake"},"elements":[{"from":[11.967762,6.810913,2.0825129],"to":[29.967762,8.810913,4.082514],"faces":{"east":{"uv":[7.40836,15.388889,7.2025723,15.611112],"tintindex":0,"rotation":0,"texture":"#0"},"south":{"uv":[14.765273,9.111112,12.913183,9.333333],"tintindex":0,"rotation":0,"texture":"#0"},"north":{"uv":[14.765273,8.888889,12.913183,9.111112],"tintindex":0,"rotation":0,"texture":"#0"},"west":{"uv":[6.7909966,15.388889,6.585209,15.611112],"tintindex":0,"rotation":0,"texture":"#0"},"up":{"uv":[12.913183,10.222222,14.765273,10.0],"tintindex":0,"rotation":0,"texture":"#0"},"down":{"uv":[12.913183,10.222222,14.765273,10.444445],"tintindex":0,"rotation":0,"texture":"#0"}}},{"from":[13.302753,8.360912,2.8518744],"to":[29.802753,8.860912,5.3518744],"faces":{"east":{"uv":[6.482315,12.5,6.2250805,12.555555],"tintindex":0,"rotation":0,"texture":"#0"},"south":{"uv":[15.639872,4.5,13.9421215,4.555556],"tintindex":0,"rotation":0,"texture":"#0"},"north":{"uv":[15.639872,4.4444447,13.9421215,4.5],"tintindex":0,"rotation":0,"texture":"#0"},"west":{"uv":[8.74598,11.777778,8.488746,11.833333],"tintindex":0,"rotation":0,"texture":"#0"},"up":{"uv":[12.192925,10.0,13.890675,9.722222],"tintindex":0,"rotation":0,"texture":"#0"},"down":{"uv":[12.244372,3.7222223,13.9421215,4.0],"tintindex":0,"rotation":0,"texture":"#0"}},"rotation":{"origin":[7.113079,7.597492,5.0871973],"angle":0.0,"axis":"y"}}],"display":{"gui":{"rotation":[30,225,0]}}}