{"textures":{"0":"modelengine:entity/inferno_drake"},"elements":[{"from":[8.093044,5.760087,5.1666665],"to":[25.426378,8.760087,8.166667],"faces":{"east":{"uv":[3.0353696,14.5,2.5723472,15.0],"tintindex":0,"rotation":0,"texture":"#0"},"south":{"uv":[10.855306,4.388889,8.180064,4.888889],"tintindex":0,"rotation":0,"texture":"#0"},"north":{"uv":[10.855306,3.8888888,8.180064,4.388889],"tintindex":0,"rotation":0,"texture":"#0"},"west":{"uv":[7.2540193,14.444445,6.7909966,14.944445],"tintindex":0,"rotation":0,"texture":"#0"},"up":{"uv":[8.334405,5.388889,11.009646,4.888889],"tintindex":0,"rotation":0,"texture":"#0"},"down":{"uv":[8.334405,5.388889,11.009646,5.888889],"tintindex":0,"rotation":0,"texture":"#0"}}},{"from":[12.015373,8.520348,10.166667],"to":[24.682041,8.85368,13.833334],"faces":{"east":{"uv":[12.192925,13.388889,11.627009,13.444445],"tintindex":0,"rotation":0,"texture":"#0"},"south":{"uv":[15.845659,9.888889,13.890675,9.944445],"tintindex":0,"rotation":0,"texture":"#0"},"north":{"uv":[15.588424,5.2777777,13.63344,5.3333335],"tintindex":0,"rotation":0,"texture":"#0"},"west":{"uv":[5.4019294,10.0,4.836013,10.055555],"tintindex":0,"rotation":0,"texture":"#0"},"up":{"uv":[9.157557,8.222222,11.11254,7.611111],"tintindex":0,"rotation":0,"texture":"#0"},"down":{"uv":[2.1607716,10.055555,4.1157556,10.666667],"tintindex":0,"rotation":0,"texture":"#0"}},"rotation":{"origin":[18.515375,13.020347,14.833334],"angle":-22.5,"axis":"y"}},{"from":[8.093044,8.426754,5.5],"to":[25.426378,8.760087,12.833334],"faces":{"east":{"uv":[15.1254015,8.555555,13.993568,8.611112],"tintindex":0,"rotation":0,"texture":"#0"},"south":{"uv":[15.382636,11.666667,12.707396,11.722222],"tintindex":0,"rotation":0,"texture":"#0"},"north":{"uv":[15.382636,11.611112,12.707396,11.666667],"tintindex":0,"rotation":0,"texture":"#0"},"west":{"uv":[15.073955,7.2777777,13.9421215,7.3333335],"tintindex":0,"rotation":0,"texture":"#0"},"up":{"uv":[2.675241,5.555556,5.350482,4.3333335],"tintindex":0,"rotation":0,"texture":"#0"},"down":{"uv":[4.9389067,2.8888888,7.6141477,4.111111],"tintindex":0,"rotation":0,"texture":"#0"}}}],"display":{"gui":{"rotation":[30,225,0]}}}