{"textures":{"0":"modelengine:entity/inferno_drake"},"elements":[{"from":[6.2965746,6.1439056,10.833334],"to":[29.296576,9.143906,13.833334],"faces":{"east":{"uv":[7.7170415,14.5,7.2540193,15.0],"tintindex":0,"rotation":0,"texture":"#0"},"south":{"uv":[7.356913,8.333333,3.8070738,8.833333],"tintindex":0,"rotation":0,"texture":"#0"},"north":{"uv":[11.163987,3.3888888,7.6141477,3.8888888],"tintindex":0,"rotation":0,"texture":"#0"},"west":{"uv":[3.498392,14.5,3.0353696,15.0],"tintindex":0,"rotation":0,"texture":"#0"},"up":{"uv":[7.356913,8.833333,10.906753,8.333333],"tintindex":0,"rotation":0,"texture":"#0"},"down":{"uv":[7.7684884,0.0,11.318328,0.5],"tintindex":0,"rotation":0,"texture":"#0"}}},{"from":[6.553303,8.7453575,13.833334],"to":[24.886637,9.078691,18.5],"faces":{"east":{"uv":[6.6881027,2.777778,5.9678454,2.8333333],"tintindex":0,"rotation":0,"texture":"#0"},"south":{"uv":[15.331189,3.6666667,12.501608,3.7222223],"tintindex":0,"rotation":0,"texture":"#0"},"north":{"uv":[15.331189,3.6111112,12.501608,3.6666667],"tintindex":0,"rotation":0,"texture":"#0"},"west":{"uv":[6.6881027,2.7222223,5.9678454,2.777778],"tintindex":0,"rotation":0,"texture":"#0"},"up":{"uv":[2.675241,6.3333335,5.504823,5.555556],"tintindex":0,"rotation":0,"texture":"#0"},"down":{"uv":[5.350482,4.111111,8.180064,4.888889],"tintindex":0,"rotation":0,"texture":"#0"}}}],"display":{"gui":{"rotation":[30,225,0]}}}