{"textures":{"0":"modelengine:entity/inferno_drake"},"elements":[{"from":[9.917221,6.8820667,0.15849018],"to":[27.917225,8.882067,2.1584902],"faces":{"east":{"uv":[14.456592,12.111112,14.250804,12.333333],"tintindex":0,"rotation":0,"texture":"#0"},"south":{"uv":[14.765273,10.666667,12.913183,10.888889],"tintindex":0,"rotation":0,"texture":"#0"},"north":{"uv":[14.765273,10.444445,12.913183,10.666667],"tintindex":0,"rotation":0,"texture":"#0"},"west":{"uv":[14.456592,11.888889,14.250804,12.111112],"tintindex":0,"rotation":0,"texture":"#0"},"up":{"uv":[12.913183,11.111112,14.765273,10.888889],"tintindex":0,"rotation":0,"texture":"#0"},"down":{"uv":[3.9614148,14.0,5.8135047,14.222222],"tintindex":0,"rotation":0,"texture":"#0"}}},{"from":[11.1702385,8.432066,1.0191259],"to":[27.670238,8.932066,3.519126],"faces":{"east":{"uv":[3.498392,13.555555,3.2411575,13.611112],"tintindex":0,"rotation":0,"texture":"#0"},"south":{"uv":[15.639872,6.555556,13.9421215,6.611111],"tintindex":0,"rotation":0,"texture":"#0"},"north":{"uv":[15.639872,6.5,13.9421215,6.555556],"tintindex":0,"rotation":0,"texture":"#0"},"west":{"uv":[12.192925,5.3333335,11.935691,5.388889],"tintindex":0,"rotation":0,"texture":"#0"},"up":{"uv":[12.244372,4.2777777,13.9421215,4.0],"tintindex":0,"rotation":0,"texture":"#0"},"down":{"uv":[12.244372,4.2777777,13.9421215,4.555556],"tintindex":0,"rotation":0,"texture":"#0"}},"rotation":{"origin":[7.113079,7.597492,5.0871973],"angle":0.0,"axis":"y"}}],"display":{"gui":{"rotation":[30,225,0]}}}