{"textures":{"0":"modelengine:entity/inferno_drake"},"elements":[{"from":[7.0,8.0,15.25],"to":[9.0,10.0,17.25],"faces":{"east":{"uv":[10.906753,15.611112,11.11254,15.833333],"tintindex":0,"rotation":0,"texture":"#0"},"south":{"uv":[14.456592,11.888889,14.662379,12.111112],"tintindex":0,"rotation":0,"texture":"#0"},"north":{"uv":[9.672026,15.611112,9.877813,15.833333],"tintindex":0,"rotation":0,"texture":"#0"},"west":{"uv":[14.456592,12.111112,14.662379,12.333333],"tintindex":0,"rotation":0,"texture":"#0"},"up":{"uv":[14.662379,12.555555,14.456592,12.333333],"tintindex":0,"rotation":0,"texture":"#0"},"down":{"uv":[14.662379,12.555555,14.456592,12.777778],"tintindex":0,"rotation":0,"texture":"#0"}},"rotation":{"origin":[8.0,12.0,14.75],"angle":-45.0,"axis":"x"}},{"from":[7.0,12.0,11.25],"to":[9.0,14.0,13.25],"faces":{"east":{"uv":[6.0192924,15.611112,6.2250805,15.833333],"tintindex":0,"rotation":0,"texture":"#0"},"south":{"uv":[6.2250805,15.611112,6.430868,15.833333],"tintindex":0,"rotation":0,"texture":"#0"},"north":{"uv":[5.8135047,15.611112,6.0192924,15.833333],"tintindex":0,"rotation":0,"texture":"#0"},"west":{"uv":[6.430868,15.611112,6.636656,15.833333],"tintindex":0,"rotation":0,"texture":"#0"},"up":{"uv":[7.40836,15.833333,7.2025723,15.611112],"tintindex":0,"rotation":0,"texture":"#0"},"down":{"uv":[7.6141477,15.611112,7.40836,15.833333],"tintindex":0,"rotation":0,"texture":"#0"}},"rotation":{"origin":[8.0,12.0,14.75],"angle":-45.0,"axis":"x"}},{"from":[5.0,5.0,8.25],"to":[11.0,11.0,21.75],"faces":{"east":{"uv":[0.7202572,11.277778,2.1093247,11.944445],"tintindex":0,"rotation":0,"texture":"#0"},"south":{"uv":[9.26045,14.333333,9.877813,15.0],"tintindex":0,"rotation":0,"texture":"#0"},"north":{"uv":[4.836013,9.333333,5.4533763,10.0],"tintindex":0,"rotation":0,"texture":"#0"},"west":{"uv":[10.186495,11.333333,11.5755625,12.0],"tintindex":0,"rotation":0,"texture":"#0"},"up":{"uv":[8.231511,13.055555,7.6141477,11.555555],"tintindex":0,"rotation":0,"texture":"#0"},"down":{"uv":[0.61736333,11.611112,0.0,13.111112],"tintindex":0,"rotation":0,"texture":"#0"}}}],"display":{"gui":{"rotation":[30,225,0]}}}