{"textures":{"0":"modelengine:entity/inferno_drake"},"elements":[{"from":[7.0,-13.088388,6.141426],"to":[9.0,-11.088388,8.141426],"faces":{"east":{"uv":[1.2347267,15.555555,1.4405144,15.777778],"tintindex":0,"rotation":0,"texture":"#0"},"south":{"uv":[11.11254,15.555555,11.318328,15.777778],"tintindex":0,"rotation":0,"texture":"#0"},"north":{"uv":[0.61736333,15.555555,0.8231511,15.777778],"tintindex":0,"rotation":0,"texture":"#0"},"west":{"uv":[11.318328,15.555555,11.524116,15.777778],"tintindex":0,"rotation":0,"texture":"#0"},"up":{"uv":[11.729903,15.777778,11.524116,15.555555],"tintindex":0,"rotation":0,"texture":"#0"},"down":{"uv":[11.935691,15.555555,11.729903,15.777778],"tintindex":0,"rotation":0,"texture":"#0"}},"rotation":{"origin":[8.0,9.911612,-12.858574],"angle":-45.0,"axis":"x"}},{"from":[5.5,3.4116116,7.641426],"to":[10.5,8.411612,21.141426],"faces":{"east":{"uv":[3.8070738,7.7777777,5.1961412,8.333333],"tintindex":0,"rotation":0,"texture":"#0"},"south":{"uv":[5.247588,14.444445,5.762058,15.0],"tintindex":0,"rotation":0,"texture":"#0"},"north":{"uv":[4.733119,14.444445,5.247588,15.0],"tintindex":0,"rotation":0,"texture":"#0"},"west":{"uv":[10.906753,8.222222,12.295819,8.777778],"tintindex":0,"rotation":0,"texture":"#0"},"up":{"uv":[1.1318328,13.444445,0.61736333,11.944445],"tintindex":0,"rotation":0,"texture":"#0"},"down":{"uv":[1.6463022,11.944445,1.1318328,13.444445],"tintindex":0,"rotation":0,"texture":"#0"}}},{"from":[7.0,-9.088388,2.141426],"to":[9.0,-7.0883884,4.141426],"faces":{"east":{"uv":[12.655949,15.5,12.861736,15.722222],"tintindex":0,"rotation":0,"texture":"#0"},"south":{"uv":[14.353698,14.555555,14.559485,14.777778],"tintindex":0,"rotation":0,"texture":"#0"},"north":{"uv":[12.450161,15.5,12.655949,15.722222],"tintindex":0,"rotation":0,"texture":"#0"},"west":{"uv":[0.0,15.555555,0.20578778,15.777778],"tintindex":0,"rotation":0,"texture":"#0"},"up":{"uv":[0.41157556,15.777778,0.20578778,15.555555],"tintindex":0,"rotation":0,"texture":"#0"},"down":{"uv":[0.61736333,15.555555,0.41157556,15.777778],"tintindex":0,"rotation":0,"texture":"#0"}},"rotation":{"origin":[8.0,9.911612,-12.858574],"angle":-45.0,"axis":"x"}}],"display":{"gui":{"rotation":[30,225,0]}}}