{"textures":{"0":"modelengine:entity/inferno_drake"},"elements":[{"from":[7.3333335,-14.392258,6.7609506],"to":[8.666667,-13.058926,10.427618],"faces":{"east":{"uv":[7.6141477,3.8888888,8.180064,4.111111],"tintindex":0,"rotation":0,"texture":"#0"},"south":{"uv":[9.466238,15.444445,9.672026,15.666667],"tintindex":0,"rotation":0,"texture":"#0"},"north":{"uv":[9.26045,15.444445,9.466238,15.666667],"tintindex":0,"rotation":0,"texture":"#0"},"west":{"uv":[9.10611,15.0,9.672026,15.222222],"tintindex":0,"rotation":0,"texture":"#0"},"up":{"uv":[8.180064,13.666667,7.9742765,13.055555],"tintindex":0,"rotation":0,"texture":"#0"},"down":{"uv":[9.877813,15.0,9.672026,15.611112],"tintindex":0,"rotation":0,"texture":"#0"}},"rotation":{"origin":[8.0,9.274407,-14.572384],"angle":-45.0,"axis":"x"}},{"from":[7.3333335,-12.39226,4.7609506],"to":[8.666667,-11.058926,6.094284],"faces":{"east":{"uv":[14.353698,7.055556,14.559485,7.2777777],"tintindex":0,"rotation":0,"texture":"#0"},"south":{"uv":[14.353698,7.3333335,14.559485,7.555556],"tintindex":0,"rotation":0,"texture":"#0"},"north":{"uv":[1.0289389,15.5,1.2347267,15.722222],"tintindex":0,"rotation":0,"texture":"#0"},"west":{"uv":[14.353698,8.111112,14.559485,8.333333],"tintindex":0,"rotation":0,"texture":"#0"},"up":{"uv":[14.559485,8.555555,14.353698,8.333333],"tintindex":0,"rotation":0,"texture":"#0"},"down":{"uv":[12.450161,15.5,12.244372,15.722222],"tintindex":0,"rotation":0,"texture":"#0"}},"rotation":{"origin":[8.0,9.274407,-14.572384],"angle":-45.0,"axis":"x"}},{"from":[5.6666665,4.607741,8.094284],"to":[10.333334,8.607741,17.094284],"faces":{"east":{"uv":[5.1446943,11.611112,6.533762,12.277778],"tintindex":0,"rotation":0,"texture":"#0"},"south":{"uv":[12.192925,8.777778,12.913183,9.444445],"tintindex":0,"rotation":0,"texture":"#0"},"north":{"uv":[7.2540193,13.055555,7.9742765,13.722222],"tintindex":0,"rotation":0,"texture":"#0"},"west":{"uv":[10.855306,3.8888888,12.244372,4.555556],"tintindex":0,"rotation":0,"texture":"#0"},"up":{"uv":[8.74598,11.555555,8.025723,10.055555],"tintindex":0,"rotation":0,"texture":"#0"},"down":{"uv":[0.7202572,10.111112,0.0,11.611112],"tintindex":0,"rotation":0,"texture":"#0"}}},{"from":[7.3333335,-9.058926,1.4276171],"to":[8.666667,-7.7255926,2.7609506],"faces":{"east":{"uv":[10.083601,15.444445,10.289389,15.666667],"tintindex":0,"rotation":0,"texture":"#0"},"south":{"uv":[10.289389,15.444445,10.495176,15.666667],"tintindex":0,"rotation":0,"texture":"#0"},"north":{"uv":[9.877813,15.444445,10.083601,15.666667],"tintindex":0,"rotation":0,"texture":"#0"},"west":{"uv":[10.495176,15.444445,10.700964,15.666667],"tintindex":0,"rotation":0,"texture":"#0"},"up":{"uv":[10.906753,15.666667,10.700964,15.444445],"tintindex":0,"rotation":0,"texture":"#0"},"down":{"uv":[13.479099,15.444445,13.273312,15.666667],"tintindex":0,"rotation":0,"texture":"#0"}},"rotation":{"origin":[8.0,9.274407,-14.572384],"angle":-45.0,"axis":"x"}},{"from":[7.3333335,-10.725594,3.094284],"to":[8.666667,-9.39226,4.427617],"faces":{"east":{"uv":[13.479099,15.444445,13.684887,15.666667],"tintindex":0,"rotation":0,"texture":"#0"},"south":{"uv":[13.684887,15.444445,13.890675,15.666667],"tintindex":0,"rotation":0,"texture":"#0"},"north":{"uv":[14.302251,14.333333,14.5080385,14.555555],"tintindex":0,"rotation":0,"texture":"#0"},"west":{"uv":[14.302251,14.944445,14.5080385,15.166667],"tintindex":0,"rotation":0,"texture":"#0"},"up":{"uv":[14.096463,15.666667,13.890675,15.444445],"tintindex":0,"rotation":0,"texture":"#0"},"down":{"uv":[1.0289389,15.5,0.8231511,15.722222],"tintindex":0,"rotation":0,"texture":"#0"}},"rotation":{"origin":[8.0,9.274407,-14.572384],"angle":-45.0,"axis":"x"}}],"display":{"gui":{"rotation":[30,225,0]}}}