{"textures":{"0":"modelengine:entity/inferno_drake"},"elements":[{"from":[7.0,-1.5,10.5],"to":[9.0,0.5,12.5],"faces":{"east":{"uv":[1.85209,15.611112,2.0578778,15.833333],"tintindex":0,"rotation":0,"texture":"#0"},"south":{"uv":[2.0578778,15.611112,2.2636657,15.833333],"tintindex":0,"rotation":0,"texture":"#0"},"north":{"uv":[1.6463022,15.611112,1.85209,15.833333],"tintindex":0,"rotation":0,"texture":"#0"},"west":{"uv":[5.1961412,15.611112,5.4019294,15.833333],"tintindex":0,"rotation":0,"texture":"#0"},"up":{"uv":[5.607717,15.833333,5.4019294,15.611112],"tintindex":0,"rotation":0,"texture":"#0"},"down":{"uv":[5.8135047,15.611112,5.607717,15.833333],"tintindex":0,"rotation":0,"texture":"#0"}},"rotation":{"origin":[8.0,12.0,1.0],"angle":-45.0,"axis":"x"}},{"from":[5.5,5.5,8.0],"to":[10.5,10.5,21.5],"faces":{"east":{"uv":[11.009646,5.388889,12.398714,5.9444447],"tintindex":0,"rotation":0,"texture":"#0"},"south":{"uv":[6.2765274,14.444445,6.7909966,15.0],"tintindex":0,"rotation":0,"texture":"#0"},"north":{"uv":[5.762058,14.444445,6.2765274,15.0],"tintindex":0,"rotation":0,"texture":"#0"},"west":{"uv":[11.11254,5.9444447,12.501608,6.5],"tintindex":0,"rotation":0,"texture":"#0"},"up":{"uv":[2.1607716,13.444445,1.6463022,11.944445],"tintindex":0,"rotation":0,"texture":"#0"},"down":{"uv":[11.627009,6.5,11.11254,8.0],"tintindex":0,"rotation":0,"texture":"#0"}}},{"from":[7.0,2.0,7.0],"to":[9.0,4.0,9.0],"faces":{"east":{"uv":[12.861736,15.555555,13.067524,15.777778],"tintindex":0,"rotation":0,"texture":"#0"},"south":{"uv":[13.067524,15.555555,13.273312,15.777778],"tintindex":0,"rotation":0,"texture":"#0"},"north":{"uv":[11.935691,15.555555,12.141479,15.777778],"tintindex":0,"rotation":0,"texture":"#0"},"west":{"uv":[14.405145,15.166667,14.610932,15.388889],"tintindex":0,"rotation":0,"texture":"#0"},"up":{"uv":[14.610932,15.611112,14.405145,15.388889],"tintindex":0,"rotation":0,"texture":"#0"},"down":{"uv":[1.6463022,15.611112,1.4405144,15.833333],"tintindex":0,"rotation":0,"texture":"#0"}},"rotation":{"origin":[8.0,12.0,1.0],"angle":-45.0,"axis":"x"}}],"display":{"gui":{"rotation":[30,225,0]}}}