{"textures":{"0":"modelengine:entity/inferno_drake"},"elements":[{"from":[14.0,2.5,6.0],"to":[15.0,3.5,7.0],"faces":{"east":{"uv":[14.713826,0.0,14.662379,0.055555556],"tintindex":0,"rotation":0,"texture":"#0"},"south":{"uv":[14.713826,0.0,14.662379,0.055555556],"tintindex":0,"rotation":0,"texture":"#0"},"north":{"uv":[14.713826,0.0,14.662379,0.055555556],"tintindex":0,"rotation":0,"texture":"#0"},"west":{"uv":[14.713826,0.0,14.662379,0.055555556],"tintindex":0,"rotation":0,"texture":"#0"},"up":{"uv":[14.713826,0.0,14.662379,0.055555556],"tintindex":0,"rotation":0,"texture":"#0"},"down":{"uv":[14.713826,0.0,14.662379,0.055555556],"tintindex":0,"rotation":0,"texture":"#0"}}},{"from":[14.0,2.5,-6.0],"to":[15.0,3.5,-5.0],"faces":{"east":{"uv":[14.713826,0.0,14.662379,0.055555556],"tintindex":0,"rotation":0,"texture":"#0"},"south":{"uv":[14.713826,0.0,14.662379,0.055555556],"tintindex":0,"rotation":0,"texture":"#0"},"north":{"uv":[14.713826,0.0,14.662379,0.055555556],"tintindex":0,"rotation":0,"texture":"#0"},"west":{"uv":[14.713826,0.0,14.662379,0.055555556],"tintindex":0,"rotation":0,"texture":"#0"},"up":{"uv":[14.713826,0.0,14.662379,0.055555556],"tintindex":0,"rotation":0,"texture":"#0"},"down":{"uv":[14.713826,0.0,14.662379,0.055555556],"tintindex":0,"rotation":0,"texture":"#0"}}},{"from":[9.75,2.5,-8.0],"to":[11.25,3.5,-7.0],"faces":{"east":{"uv":[14.713826,0.0,14.662379,0.055555556],"tintindex":0,"rotation":0,"texture":"#0"},"south":{"uv":[14.713826,0.0,14.662379,0.055555556],"tintindex":0,"rotation":0,"texture":"#0"},"north":{"uv":[14.713826,0.0,14.662379,0.055555556],"tintindex":0,"rotation":0,"texture":"#0"},"west":{"uv":[14.713826,0.0,14.662379,0.055555556],"tintindex":0,"rotation":0,"texture":"#0"},"up":{"uv":[14.713826,0.0,14.662379,0.055555556],"tintindex":0,"rotation":0,"texture":"#0"},"down":{"uv":[14.713826,0.0,14.662379,0.055555556],"tintindex":0,"rotation":0,"texture":"#0"}}},{"from":[11.75,2.5,-8.0],"to":[13.25,3.5,-7.0],"faces":{"east":{"uv":[14.713826,0.0,14.662379,0.055555556],"tintindex":0,"rotation":0,"texture":"#0"},"south":{"uv":[14.713826,0.0,14.662379,0.055555556],"tintindex":0,"rotation":0,"texture":"#0"},"north":{"uv":[14.713826,0.0,14.662379,0.055555556],"tintindex":0,"rotation":0,"texture":"#0"},"west":{"uv":[14.713826,0.0,14.662379,0.055555556],"tintindex":0,"rotation":0,"texture":"#0"},"up":{"uv":[14.713826,0.0,14.662379,0.055555556],"tintindex":0,"rotation":0,"texture":"#0"},"down":{"uv":[14.713826,0.0,14.662379,0.055555556],"tintindex":0,"rotation":0,"texture":"#0"}}},{"from":[7.25,2.5,-8.0],"to":[8.25,3.5,-7.0],"faces":{"east":{"uv":[14.662379,0.0,14.713826,0.055555556],"tintindex":0,"rotation":0,"texture":"#0"},"south":{"uv":[14.662379,0.0,14.713826,0.055555556],"tintindex":0,"rotation":0,"texture":"#0"},"north":{"uv":[14.662379,0.0,14.713826,0.055555556],"tintindex":0,"rotation":0,"texture":"#0"},"west":{"uv":[14.662379,0.0,14.713826,0.055555556],"tintindex":0,"rotation":0,"texture":"#0"},"up":{"uv":[14.662379,0.0,14.713826,0.055555556],"tintindex":0,"rotation":0,"texture":"#0"},"down":{"uv":[14.662379,0.0,14.713826,0.055555556],"tintindex":0,"rotation":0,"texture":"#0"}}},{"from":[14.0,2.5,-2.0],"to":[15.0,3.5,-1.0],"faces":{"east":{"uv":[14.713826,0.0,14.662379,0.055555556],"tintindex":0,"rotation":0,"texture":"#0"},"south":{"uv":[14.713826,0.0,14.662379,0.055555556],"tintindex":0,"rotation":0,"texture":"#0"},"north":{"uv":[14.713826,0.0,14.662379,0.055555556],"tintindex":0,"rotation":0,"texture":"#0"},"west":{"uv":[14.713826,0.0,14.662379,0.055555556],"tintindex":0,"rotation":0,"texture":"#0"},"up":{"uv":[14.713826,0.0,14.662379,0.055555556],"tintindex":0,"rotation":0,"texture":"#0"},"down":{"uv":[14.713826,0.0,14.662379,0.055555556],"tintindex":0,"rotation":0,"texture":"#0"}}},{"from":[14.0,2.5,-8.0],"to":[15.0,3.5,-7.0],"faces":{"east":{"uv":[14.713826,0.0,14.662379,0.055555556],"tintindex":0,"rotation":0,"texture":"#0"},"south":{"uv":[14.713826,0.0,14.662379,0.055555556],"tintindex":0,"rotation":0,"texture":"#0"},"north":{"uv":[14.713826,0.0,14.662379,0.055555556],"tintindex":0,"rotation":0,"texture":"#0"},"west":{"uv":[14.713826,0.0,14.662379,0.055555556],"tintindex":0,"rotation":0,"texture":"#0"},"up":{"uv":[14.713826,0.0,14.662379,0.055555556],"tintindex":0,"rotation":0,"texture":"#0"},"down":{"uv":[14.713826,0.0,14.662379,0.055555556],"tintindex":0,"rotation":0,"texture":"#0"}}},{"from":[7.75,2.5,-8.0],"to":[8.75,3.5,-7.0],"faces":{"east":{"uv":[14.713826,0.0,14.662379,0.055555556],"tintindex":0,"rotation":0,"texture":"#0"},"south":{"uv":[14.713826,0.0,14.662379,0.055555556],"tintindex":0,"rotation":0,"texture":"#0"},"north":{"uv":[14.713826,0.0,14.662379,0.055555556],"tintindex":0,"rotation":0,"texture":"#0"},"west":{"uv":[14.713826,0.0,14.662379,0.055555556],"tintindex":0,"rotation":0,"texture":"#0"},"up":{"uv":[14.713826,0.0,14.662379,0.055555556],"tintindex":0,"rotation":0,"texture":"#0"},"down":{"uv":[14.713826,0.0,14.662379,0.055555556],"tintindex":0,"rotation":0,"texture":"#0"}}},{"from":[14.0,2.5,2.0],"to":[15.0,3.5,3.0],"faces":{"east":{"uv":[14.713826,0.0,14.662379,0.055555556],"tintindex":0,"rotation":0,"texture":"#0"},"south":{"uv":[14.713826,0.0,14.662379,0.055555556],"tintindex":0,"rotation":0,"texture":"#0"},"north":{"uv":[14.713826,0.0,14.662379,0.055555556],"tintindex":0,"rotation":0,"texture":"#0"},"west":{"uv":[14.713826,0.0,14.662379,0.055555556],"tintindex":0,"rotation":0,"texture":"#0"},"up":{"uv":[14.713826,0.0,14.662379,0.055555556],"tintindex":0,"rotation":0,"texture":"#0"},"down":{"uv":[14.713826,0.0,14.662379,0.055555556],"tintindex":0,"rotation":0,"texture":"#0"}}},{"from":[4.75,2.5,-8.0],"to":[6.25,3.5,-7.0],"faces":{"east":{"uv":[14.662379,0.0,14.713826,0.055555556],"tintindex":0,"rotation":0,"texture":"#0"},"south":{"uv":[14.662379,0.0,14.713826,0.055555556],"tintindex":0,"rotation":0,"texture":"#0"},"north":{"uv":[14.662379,0.0,14.713826,0.055555556],"tintindex":0,"rotation":0,"texture":"#0"},"west":{"uv":[14.662379,0.0,14.713826,0.055555556],"tintindex":0,"rotation":0,"texture":"#0"},"up":{"uv":[14.662379,0.0,14.713826,0.055555556],"tintindex":0,"rotation":0,"texture":"#0"},"down":{"uv":[14.662379,0.0,14.713826,0.055555556],"tintindex":0,"rotation":0,"texture":"#0"}}},{"from":[2.75,2.5,-8.0],"to":[4.25,3.5,-7.0],"faces":{"east":{"uv":[14.662379,0.0,14.713826,0.055555556],"tintindex":0,"rotation":0,"texture":"#0"},"south":{"uv":[14.662379,0.0,14.713826,0.055555556],"tintindex":0,"rotation":0,"texture":"#0"},"north":{"uv":[14.662379,0.0,14.713826,0.055555556],"tintindex":0,"rotation":0,"texture":"#0"},"west":{"uv":[14.662379,0.0,14.713826,0.055555556],"tintindex":0,"rotation":0,"texture":"#0"},"up":{"uv":[14.662379,0.0,14.713826,0.055555556],"tintindex":0,"rotation":0,"texture":"#0"},"down":{"uv":[14.662379,0.0,14.713826,0.055555556],"tintindex":0,"rotation":0,"texture":"#0"}}},{"from":[1.0,3.5,-8.0],"to":[15.0,9.5,7.0],"faces":{"east":{"uv":[6.7909966,2.4444444,7.5627007,2.8333333],"tintindex":0,"rotation":0,"texture":"#0"},"south":{"uv":[5.350482,13.333333,6.0707393,13.722222],"tintindex":0,"rotation":0,"texture":"#0"},"north":{"uv":[4.630225,13.333333,5.350482,13.722222],"tintindex":0,"rotation":0,"texture":"#0"},"west":{"uv":[1.1318328,8.888889,1.9035369,9.277778],"tintindex":0,"rotation":0,"texture":"#0"},"up":{"uv":[12.347267,12.555555,11.627009,11.722222],"tintindex":0,"rotation":0,"texture":"#0"},"down":{"uv":[12.347267,12.555555,11.627009,13.388889],"tintindex":0,"rotation":0,"texture":"#0"}}},{"from":[1.0,2.5,4.0],"to":[2.0,3.5,5.0],"faces":{"east":{"uv":[14.662379,0.0,14.713826,0.055555556],"tintindex":0,"rotation":0,"texture":"#0"},"south":{"uv":[14.662379,0.0,14.713826,0.055555556],"tintindex":0,"rotation":0,"texture":"#0"},"north":{"uv":[14.662379,0.0,14.713826,0.055555556],"tintindex":0,"rotation":0,"texture":"#0"},"west":{"uv":[14.662379,0.0,14.713826,0.055555556],"tintindex":0,"rotation":0,"texture":"#0"},"up":{"uv":[14.662379,0.0,14.713826,0.055555556],