{"textures":{"0":"modelengine:entity/flarewing_dragon"},"elements":[{"from":[11.1283,7.477976,-7.4610386],"to":[11.1283,15.522175,3.2645612],"faces":{"east":{"uv":[3.375,4.6875,3.0,4.96875],"tintindex":0,"rotation":0,"texture":"#0"},"west":{"uv":[3.0,4.6875,3.375,4.96875],"tintindex":0,"rotation":0,"texture":"#0"}},"rotation":{"origin":[11.1283,10.606276,-2.09824],"angle":-45.0,"axis":"x"}},{"from":[3.0840998,-2.575348,-1.7458229],"to":[12.9159,9.937851,10.767378],"faces":{"east":{"uv":[3.90625,0.9375,4.34375,1.375],"tintindex":0,"rotation":0,"texture":"#0"},"south":{"uv":[4.0,4.0625,4.34375,4.5],"tintindex":0,"rotation":0,"texture":"#0"},"north":{"uv":[4.0,4.0625,4.34375,4.5],"tintindex":0,"rotation":0,"texture":"#0"},"west":{"uv":[4.0,3.15625,4.4375,3.59375],"tintindex":0,"rotation":0,"texture":"#0"},"up":{"uv":[8.6875,6.65625,8.34375,6.21875],"tintindex":0,"rotation":0,"texture":"#0"},"down":{"uv":[3.71875,4.65625,3.375,4.21875],"tintindex":0,"rotation":0,"texture":"#0"}},"rotation":{"origin":[8.0,4.128151,4.0638785],"angle":-45.0,"axis":"x"}},{"from":[4.8717003,7.477976,-7.4610386],"to":[4.8717003,15.522175,3.2645612],"faces":{"east":{"uv":[3.375,4.6875,3.0,4.96875],"tintindex":0,"rotation":0,"texture":"#0"},"west":{"uv":[3.0,4.6875,3.375,4.96875],"tintindex":0,"rotation":0,"texture":"#0"}},"rotation":{"origin":[4.8717003,10.606276,-2.09824],"angle":-45.0,"axis":"x"}}],"display":{"gui":{"rotation":[30,225,0]}}}