{"textures":{"0":"modelengine:entity/flarewing_dragon"},"elements":[{"from":[3.5310001,1.8923664,-12.557404],"to":[12.469,9.042767,7.106201],"faces":{"east":{"uv":[5.625,4.46875,5.96875,4.59375],"tintindex":0,"rotation":0,"texture":"#0"},"south":{"uv":[3.59375,6.0625,3.75,6.1875],"tintindex":0,"rotation":0,"texture":"#0"},"north":{"uv":[3.40625,6.0625,3.5625,6.1875],"tintindex":0,"rotation":0,"texture":"#0"},"west":{"uv":[5.625,5.09375,5.96875,5.21875],"tintindex":0,"rotation":0,"texture":"#0"},"up":{"uv":[5.5625,2.96875,5.40625,2.625],"tintindex":0,"rotation":0,"texture":"#0"},"down":{"uv":[5.5625,3.75,5.40625,4.09375],"tintindex":0,"rotation":0,"texture":"#0"}}},{"from":[12.469,9.042767,-12.557404],"to":[12.469,12.617966,5.318596],"faces":{"east":{"uv":[6.34375,3.59375,6.03125,3.65625],"tintindex":0,"rotation":0,"texture":"#0"},"west":{"uv":[6.03125,3.59375,6.34375,3.65625],"tintindex":0,"rotation":0,"texture":"#0"}}},{"from":[3.5310001,9.042767,-12.557404],"to":[3.5310001,12.617966,5.318596],"faces":{"east":{"uv":[6.34375,3.59375,6.03125,3.65625],"tintindex":0,"rotation":0,"texture":"#0"},"west":{"uv":[6.03125,3.59375,6.34375,3.65625],"tintindex":0,"rotation":0,"texture":"#0"}}},{"from":[8.0,-10.620834,-12.557404],"to":[8.0,1.8923664,7.106201],"faces":{"east":{"uv":[4.9375,3.09375,5.28125,3.3125],"tintindex":0,"rotation":0,"texture":"#0"},"west":{"uv":[5.0625,4.65625,5.40625,4.875],"tintindex":0,"rotation":0,"texture":"#0"}}}],"display":{"gui":{"rotation":[30,225,0]}}}