{"textures":{"0":"modelengine:entity/flarewing_dragon"},"elements":[{"from":[-0.91430855,7.651418,8.5763645],"to":[0.5157714,8.008939,19.301966],"faces":{"east":{"uv":[5.59375,4.0625,6.53125,4.09375],"tintindex":0,"rotation":0,"texture":"#0"},"south":{"uv":[6.34375,3.1875,6.46875,3.21875],"tintindex":0,"rotation":0,"texture":"#0"},"north":{"uv":[6.34375,0.9375,6.46875,0.96875],"tintindex":0,"rotation":0,"texture":"#0"},"west":{"uv":[5.75,3.6875,6.6875,3.71875],"tintindex":0,"rotation":0,"texture":"#0"},"up":{"uv":[3.875,5.15625,3.75,4.21875],"tintindex":0,"rotation":0,"texture":"#0"},"down":{"uv":[3.875,4.21875,3.75,5.15625],"tintindex":0,"rotation":0,"texture":"#0"}},"rotation":{"origin":[-0.02050972,8.008939,13.224125],"angle":-45.0,"axis":"y"}},{"from":[2.709103,7.6424804,8.1339855],"to":[8.429422,8.0,9.564066],"faces":{"east":{"uv":[5.15625,4.375,5.28125,4.40625],"tintindex":0,"rotation":0,"texture":"#0"},"south":{"uv":[6.125,1.84375,6.625,1.875],"tintindex":0,"rotation":0,"texture":"#0"},"north":{"uv":[6.125,1.78125,6.625,1.8125],"tintindex":0,"rotation":0,"texture":"#0"},"west":{"uv":[5.59375,0.90625,5.71875,0.9375],"tintindex":0,"rotation":0,"texture":"#0"},"up":{"uv":[5.8125,2.40625,5.3125,2.28125],"tintindex":0,"rotation":0,"texture":"#0"},"down":{"uv":[5.8125,2.28125,5.3125,2.40625],"tintindex":0,"rotation":0,"texture":"#0"}},"rotation":{"origin":[5.5692625,8.0,9.027786],"angle":22.5,"axis":"y"}},{"from":[-6.560733,7.991062,7.7477326],"to":[8.0975895,7.991062,27.768854],"faces":{"up":{"uv":[1.28125,1.75,0.0,0.0],"tintindex":0,"rotation":0,"texture":"#0"},"down":{"uv":[1.28125,0.0,0.0,1.75],"tintindex":0,"rotation":0,"texture":"#0"}}}],"display":{"gui":{"rotation":[30,225,0]}}}