{"textures":{"0":"modelengine:entity/flarewing_dragon"},"elements":[{"from":[3.687416,-5.580846,3.1824074],"to":[12.625415,8.719954,13.908009],"faces":{"east":{"uv":[5.59375,2.625,5.78125,2.875],"tintindex":0,"rotation":0,"texture":"#0"},"south":{"uv":[5.0625,5.65625,5.21875,5.90625],"tintindex":0,"rotation":0,"texture":"#0"},"north":{"uv":[5.0625,5.65625,5.21875,5.90625],"tintindex":0,"rotation":0,"texture":"#0"},"west":{"uv":[5.59375,2.625,5.78125,2.875],"tintindex":0,"rotation":0,"texture":"#0"},"up":{"uv":[6.03125,5.65625,5.875,5.46875],"tintindex":0,"rotation":0,"texture":"#0"},"down":{"uv":[6.03125,5.65625,5.875,5.46875],"tintindex":0,"rotation":0,"texture":"#0"}}}],"display":{"gui":{"rotation":[30,225,0]}}}