{"textures":{"0":"modelengine:entity/flarewing_dragon"},"elements":[{"from":[3.6527176,-3.459879,6.071121],"to":[12.590716,10.840921,18.584322],"faces":{"east":{"uv":[3.09375,5.375,3.3125,5.625],"tintindex":0,"rotation":0,"texture":"#0"},"south":{"uv":[5.6875,5.25,5.84375,5.5],"tintindex":0,"rotation":0,"texture":"#0"},"north":{"uv":[5.6875,5.25,5.84375,5.5],"tintindex":0,"rotation":0,"texture":"#0"},"west":{"uv":[3.09375,5.375,3.3125,5.625],"tintindex":0,"rotation":0,"texture":"#0"},"up":{"uv":[5.78125,6.03125,5.625,5.8125],"tintindex":0,"rotation":0,"texture":"#0"},"down":{"uv":[5.78125,6.03125,5.625,5.8125],"tintindex":0,"rotation":0,"texture":"#0"}},"rotation":{"origin":[8.1217165,4.58432,11.433922],"angle":-45.0,"axis":"x"}}],"display":{"gui":{"rotation":[30,225,0]}}}