{"textures":{"0":"modelengine:entity/flarewing_dragon"},"elements":[{"from":[2.8561802,-4.2875223,1.0318861],"to":[11.794181,10.013277,11.757485],"faces":{"east":{"uv":[5.59375,0.46875,5.78125,0.71875],"tintindex":0,"rotation":0,"texture":"#0"},"south":{"uv":[4.09375,5.65625,4.25,5.90625],"tintindex":0,"rotation":0,"texture":"#0"},"north":{"uv":[4.09375,5.65625,4.25,5.90625],"tintindex":0,"rotation":0,"texture":"#0"},"west":{"uv":[5.59375,0.46875,5.78125,0.71875],"tintindex":0,"rotation":0,"texture":"#0"},"up":{"uv":[3.96875,6.0625,3.8125,5.875],"tintindex":0,"rotation":0,"texture":"#0"},"down":{"uv":[3.96875,6.0625,3.8125,5.875],"tintindex":0,"rotation":0,"texture":"#0"}},"rotation":{"origin":[7.325181,2.862877,5.500886],"angle":22.5,"axis":"x"}}],"display":{"gui":{"rotation":[30,225,0]}}}