{"textures":{"0":"modelengine:entity/flarewing_dragon"},"elements":[{"from":[-1.7183666,7.565669,4.5101094],"to":[6.325834,8.012568,6.297709],"faces":{"east":{"uv":[5.75,1.5625,5.875,1.59375],"tintindex":0,"rotation":0,"texture":"#0"},"south":{"uv":[6.125,1.28125,6.6875,1.3125],"tintindex":0,"rotation":0,"texture":"#0"},"north":{"uv":[5.84375,2.375,6.40625,2.40625],"tintindex":0,"rotation":0,"texture":"#0"},"west":{"uv":[5.8125,0.6875,5.9375,0.71875],"tintindex":0,"rotation":0,"texture":"#0"},"up":{"uv":[5.34375,3.78125,4.78125,3.65625],"tintindex":0,"rotation":0,"texture":"#0"},"down":{"uv":[5.34375,3.65625,4.78125,3.78125],"tintindex":0,"rotation":0,"texture":"#0"}}},{"from":[4.771526,7.554497,6.196074],"to":[10.134325,8.001396,7.983674],"faces":{"east":{"uv":[6.34375,5.75,6.46875,5.78125],"tintindex":0,"rotation":0,"texture":"#0"},"south":{"uv":[6.1875,2.84375,6.5625,2.875],"tintindex":0,"rotation":0,"texture":"#0"},"north":{"uv":[6.1875,1.0,6.5625,1.03125],"tintindex":0,"rotation":0,"texture":"#0"},"west":{"uv":[6.375,0.625,6.5,0.65625],"tintindex":0,"rotation":0,"texture":"#0"},"up":{"uv":[5.9375,3.46875,5.5625,3.34375],"tintindex":0,"rotation":0,"texture":"#0"},"down":{"uv":[5.9375,3.34375,5.5625,3.46875],"tintindex":0,"rotation":0,"texture":"#0"}},"rotation":{"origin":[7.676376,8.001396,7.313324],"angle":-45.0,"axis":"y"}},{"from":[-1.3980408,7.990224,5.258924],"to":[7.9868593,7.990224,30.285324],"faces":{"up":{"uv":[2.96875,3.53125,2.3125,1.78125],"tintindex":0,"rotation":0,"texture":"#0"},"down":{"uv":[2.96875,1.78125,2.3125,3.53125],"tintindex":0,"rotation":0,"texture":"#0"}}}],"display":{"gui":{"rotation":[30,225,0]}}}