{"textures":{"0":"modelengine:entity/flarewing_dragon"},"elements":[{"from":[-8.9858055,-5.22208,4.5144167],"to":[-0.047804832,12.653919,4.5144167],"faces":{"south":{"uv":[0.78125,5.5625,0.625,5.875],"tintindex":0,"rotation":0,"texture":"#0"},"north":{"uv":[0.625,5.5625,0.78125,5.875],"tintindex":0,"rotation":0,"texture":"#0"}},"rotation":{"origin":[-2.7292051,3.7159195,4.5144167],"angle":-22.5,"axis":"z"}},{"from":[-0.72816944,-10.430103,0.93921566],"to":[9.99743,9.233498,15.240016],"faces":{"east":{"uv":[4.84375,0.375,5.09375,0.71875],"tintindex":0,"rotation":0,"texture":"#0"},"south":{"uv":[4.875,5.28125,5.0625,5.625],"tintindex":0,"rotation":0,"texture":"#0"},"north":{"uv":[4.875,5.28125,5.0625,5.625],"tintindex":0,"rotation":0,"texture":"#0"},"west":{"uv":[4.84375,0.375,5.09375,0.71875],"tintindex":0,"rotation":0,"texture":"#0"},"up":{"uv":[5.625,4.875,5.4375,4.625],"tintindex":0,"rotation":0,"texture":"#0"},"down":{"uv":[5.625,4.875,5.4375,4.625],"tintindex":0,"rotation":0,"texture":"#0"}},"rotation":{"origin":[5.52843,0.2954979,7.195816],"angle":-22.5,"axis":"z"}}],"display":{"gui":{"rotation":[30,225,0]}}}