{"textures":{"0":"modelengine:entity/flarewing_dragon"},"elements":[{"from":[3.5127668,-9.937853,-0.8202572],"to":[12.4507675,11.513348,15.268143],"faces":{"east":{"uv":[4.625,1.78125,4.90625,2.15625],"tintindex":0,"rotation":0,"texture":"#0"},"south":{"uv":[3.71875,5.1875,3.875,5.5625],"tintindex":0,"rotation":0,"texture":"#0"},"north":{"uv":[3.71875,5.1875,3.875,5.5625],"tintindex":0,"rotation":0,"texture":"#0"},"west":{"uv":[4.625,1.78125,4.90625,2.15625],"tintindex":0,"rotation":0,"texture":"#0"},"up":{"uv":[0.59375,5.875,0.4375,5.59375],"tintindex":0,"rotation":0,"texture":"#0"},"down":{"uv":[0.59375,5.875,0.4375,5.59375],"tintindex":0,"rotation":0,"texture":"#0"}},"rotation":{"origin":[7.9817667,-0.1060524,5.4363422],"angle":22.5,"axis":"x"}},{"from":[-5.425233,-8.911726,2.959053],"to":[3.5127668,10.751873,2.959053],"faces":{"south":{"uv":[4.75,5.40625,4.59375,5.75],"tintindex":0,"rotation":0,"texture":"#0"},"north":{"uv":[4.59375,5.40625,4.75,5.75],"tintindex":0,"rotation":0,"texture":"#0"}},"rotation":{"origin":[-0.956233,0.92007446,2.959053],"angle":22.5,"axis":"x"}}],"display":{"gui":{"rotation":[30,225,0]}}}