{"textures":{"0":"modelengine:entity/flarewing_dragon"},"elements":[{"from":[8.003943,-15.2717285,-10.485384],"to":[8.003943,-4.5461273,10.965815],"faces":{"east":{"uv":[5.125,0.46875,5.5,0.65625],"tintindex":0,"rotation":0,"texture":"#0"},"west":{"uv":[5.15625,1.3125,5.53125,1.5],"tintindex":0,"rotation":0,"texture":"#0"}},"rotation":{"origin":[16.941944,3.4980736,1.134016],"angle":-22.5,"axis":"x"}},{"from":[-0.9340563,-4.5461273,-10.485384],"to":[16.941944,13.329872,10.965815],"faces":{"east":{"uv":[3.59375,3.15625,3.96875,3.46875],"tintindex":0,"rotation":0,"texture":"#0"},"south":{"uv":[3.90625,1.40625,4.21875,1.71875],"tintindex":0,"rotation":0,"texture":"#0"},"north":{"uv":[3.90625,1.40625,4.21875,1.71875],"tintindex":0,"rotation":0,"texture":"#0"},"west":{"uv":[4.375,1.03125,4.75,1.34375],"tintindex":0,"rotation":0,"texture":"#0"},"up":{"uv":[4.6875,4.4375,4.375,4.0625],"tintindex":0,"rotation":0,"texture":"#0"},"down":{"uv":[2.0625,4.46875,1.75,4.84375],"tintindex":0,"rotation":0,"texture":"#0"}},"rotation":{"origin":[8.003943,3.4980736,1.134016],"angle":-22.5,"axis":"x"}}],"display":{"gui":{"rotation":[30,225,0]}}}