{"textures":{"0":"modelengine:entity/flarewing_dragon"},"elements":[{"from":[4.205819,-4.2875223,1.0318861],"to":[13.14382,10.013277,11.757485],"faces":{"east":{"uv":[5.78125,0.46875,5.59375,0.71875],"tintindex":0,"rotation":0,"texture":"#0"},"south":{"uv":[4.25,5.65625,4.09375,5.90625],"tintindex":0,"rotation":0,"texture":"#0"},"north":{"uv":[4.25,5.65625,4.09375,5.90625],"tintindex":0,"rotation":0,"texture":"#0"},"west":{"uv":[5.78125,0.46875,5.59375,0.71875],"tintindex":0,"rotation":0,"texture":"#0"},"up":{"uv":[3.8125,6.0625,3.96875,5.875],"tintindex":0,"rotation":0,"texture":"#0"},"down":{"uv":[3.8125,6.0625,3.96875,5.875],"tintindex":0,"rotation":0,"texture":"#0"}},"rotation":{"origin":[8.674819,2.862877,5.500886],"angle":22.5,"axis":"x"}}],"display":{"gui":{"rotation":[30,225,0]}}}