{"textures":{"0":"modelengine:entity/flarewing_dragon"},"elements":[{"from":[3.5492325,-9.937853,-2.6078587],"to":[12.487233,11.513348,13.480541],"faces":{"east":{"uv":[4.90625,1.78125,4.625,2.15625],"tintindex":0,"rotation":0,"texture":"#0"},"south":{"uv":[3.875,5.1875,3.71875,5.5625],"tintindex":0,"rotation":0,"texture":"#0"},"north":{"uv":[3.875,5.1875,3.71875,5.5625],"tintindex":0,"rotation":0,"texture":"#0"},"west":{"uv":[4.90625,1.78125,4.625,2.15625],"tintindex":0,"rotation":0,"texture":"#0"},"up":{"uv":[0.4375,5.875,0.59375,5.59375],"tintindex":0,"rotation":0,"texture":"#0"},"down":{"uv":[0.4375,5.875,0.59375,5.59375],"tintindex":0,"rotation":0,"texture":"#0"}},"rotation":{"origin":[8.018233,-0.1060524,3.6487408],"angle":22.5,"axis":"x"}},{"from":[12.487233,-8.911726,1.1714516],"to":[21.425232,10.751873,1.1714516],"faces":{"south":{"uv":[4.59375,5.40625,4.75,5.75],"tintindex":0,"rotation":0,"texture":"#0"},"north":{"uv":[4.75,5.40625,4.59375,5.75],"tintindex":0,"rotation":0,"texture":"#0"}},"rotation":{"origin":[16.956234,0.92007446,1.1714516],"angle":22.5,"axis":"x"}}],"display":{"gui":{"rotation":[30,225,0]}}}