{"textures":{"0":"modelengine:entity/flarewing_dragon"},"elements":[{"from":[7.576386,7.5653896,5.7675114],"to":[12.939186,8.01229,7.5551114],"faces":{"east":{"uv":[5.15625,0.96875,5.03125,1.0],"tintindex":0,"rotation":0,"texture":"#0"},"south":{"uv":[6.53125,3.25,6.15625,3.28125],"tintindex":0,"rotation":0,"texture":"#0"},"north":{"uv":[3.96875,3.5,3.59375,3.53125],"tintindex":0,"rotation":0,"texture":"#0"},"west":{"uv":[4.90625,1.3125,4.78125,1.34375],"tintindex":0,"rotation":0,"texture":"#0"},"up":{"uv":[5.5,1.75,5.875,1.625],"tintindex":0,"rotation":0,"texture":"#0"},"down":{"uv":[5.5,1.625,5.875,1.75],"tintindex":0,"rotation":0,"texture":"#0"}},"rotation":{"origin":[10.257786,8.01229,6.8847613],"angle":22.5,"axis":"y"}},{"from":[7.688549,8.001118,2.2115145],"to":[13.945148,8.001118,27.237915],"faces":{"up":{"uv":[0.0,5.3125,0.4375,3.5625],"tintindex":0,"rotation":0,"texture":"#0"},"down":{"uv":[0.0,3.5625,0.4375,5.3125],"tintindex":0,"rotation":0,"texture":"#0"}}}],"display":{"gui":{"rotation":[30,225,0]}}}