{"textures":{"0":"modelengine:entity/flarewing_dragon"},"elements":[{"from":[3.4092836,-5.2474785,6.071121],"to":[12.347282,9.053322,18.584322],"faces":{"east":{"uv":[3.3125,5.375,3.09375,5.625],"tintindex":0,"rotation":0,"texture":"#0"},"south":{"uv":[5.84375,5.25,5.6875,5.5],"tintindex":0,"rotation":0,"texture":"#0"},"north":{"uv":[5.84375,5.25,5.6875,5.5],"tintindex":0,"rotation":0,"texture":"#0"},"west":{"uv":[3.3125,5.375,3.09375,5.625],"tintindex":0,"rotation":0,"texture":"#0"},"up":{"uv":[5.625,6.03125,5.78125,5.8125],"tintindex":0,"rotation":0,"texture":"#0"},"down":{"uv":[5.625,6.03125,5.78125,5.8125],"tintindex":0,"rotation":0,"texture":"#0"}},"rotation":{"origin":[7.8782835,2.7967205,11.433922],"angle":-45.0,"axis":"x"}}],"display":{"gui":{"rotation":[30,225,0]}}}