{"textures":{"0":"modelengine:entity/flarewing_dragon"},"elements":[{"from":[5.3185997,3.2588425,7.2172623],"to":[10.6814,8.621642,19.730463],"faces":{"east":{"uv":[4.84375,0.75,5.28125,0.9375],"tintindex":0,"rotation":0,"texture":"#0"},"south":{"uv":[4.5,3.84375,4.6875,4.03125],"tintindex":0,"rotation":0,"texture":"#0"},"north":{"uv":[4.5,3.84375,4.6875,4.03125],"tintindex":0,"rotation":0,"texture":"#0"},"west":{"uv":[4.84375,4.4375,5.28125,4.625],"tintindex":0,"rotation":0,"texture":"#0"},"up":{"uv":[1.9375,5.3125,1.75,4.875],"tintindex":0,"rotation":0,"texture":"#0"},"down":{"uv":[5.125,1.3125,4.9375,1.75],"tintindex":0,"rotation":0,"texture":"#0"}},"rotation":{"origin":[8.0,6.387142,13.026962],"angle":22.5,"axis":"x"}},{"from":[8.0,8.28146,9.821276],"to":[8.0,15.43186,21.440676],"faces":{"east":{"uv":[4.71875,2.8125,5.125,3.0625],"tintindex":0,"rotation":0,"texture":"#0"},"west":{"uv":[4.71875,4.15625,5.125,4.40625],"tintindex":0,"rotation":0,"texture":"#0"}},"rotation":{"origin":[8.0,10.51596,14.737177],"angle":22.5,"axis":"x"}}],"display":{"gui":{"rotation":[30,225,0]}}}