{"textures":{"0":"modelengine:entity/flarewing_dragon"},"elements":[{"from":[9.675875,6.2632236,9.496468],"to":[9.675875,13.413624,22.009668],"faces":{"east":{"uv":[4.34375,4.53125,3.90625,4.78125],"tintindex":0,"rotation":0,"texture":"#0"},"west":{"uv":[3.90625,4.53125,4.34375,4.78125],"tintindex":0,"rotation":0,"texture":"#0"}},"rotation":{"origin":[9.7876,8.497723,14.859266],"angle":45.0,"axis":"x"}},{"from":[6.3241253,6.2632236,9.496468],"to":[6.3241253,13.413624,22.009668],"faces":{"east":{"uv":[4.34375,4.53125,3.90625,4.78125],"tintindex":0,"rotation":0,"texture":"#0"},"west":{"uv":[3.90625,4.53125,4.34375,4.78125],"tintindex":0,"rotation":0,"texture":"#0"}},"rotation":{"origin":[6.2124,8.497723,14.859266],"angle":45.0,"axis":"x"}},{"from":[4.4248,0.68355083,5.7043943],"to":[11.5752,7.83395,18.217594],"faces":{"east":{"uv":[4.46875,3.09375,4.90625,3.34375],"tintindex":0,"rotation":0,"texture":"#0"},"south":{"uv":[5.3125,0.6875,5.5625,0.9375],"tintindex":0,"rotation":0,"texture":"#0"},"north":{"uv":[5.3125,0.6875,5.5625,0.9375],"tintindex":0,"rotation":0,"texture":"#0"},"west":{"uv":[4.375,4.46875,4.8125,4.71875],"tintindex":0,"rotation":0,"texture":"#0"},"up":{"uv":[4.75,3.8125,4.5,3.375],"tintindex":0,"rotation":0,"texture":"#0"},"down":{"uv":[2.5,4.53125,2.25,4.96875],"tintindex":0,"rotation":0,"texture":"#0"}},"rotation":{"origin":[8.0,4.7056513,11.067194],"angle":45.0,"axis":"x"}}],"display":{"gui":{"rotation":[30,225,0]}}}