{"textures":{"0":"modelengine:entity/flarewing_dragon"},"elements":[{"from":[11.1283,15.6313305,0.2678771],"to":[11.1283,24.56933,12.781076],"faces":{"east":{"uv":[4.8125,0.0,4.375,0.3125],"tintindex":0,"rotation":0,"texture":"#0"},"west":{"uv":[4.375,0.0,4.8125,0.3125],"tintindex":0,"rotation":0,"texture":"#0"}},"rotation":{"origin":[11.1283,18.31273,6.524477],"angle":22.5,"axis":"x"}},{"from":[4.8717003,15.6313305,0.2678771],"to":[4.8717003,24.56933,12.781076],"faces":{"east":{"uv":[4.8125,0.0,4.375,0.3125],"tintindex":0,"rotation":0,"texture":"#0"},"west":{"uv":[4.375,0.0,4.8125,0.3125],"tintindex":0,"rotation":0,"texture":"#0"}},"rotation":{"origin":[4.8717003,18.31273,6.524477],"angle":22.5,"axis":"x"}},{"from":[3.0840998,4.6582775,-1.1939259],"to":[12.9159,16.277678,12.213074],"faces":{"east":{"uv":[4.0,3.625,4.46875,4.03125],"tintindex":0,"rotation":0,"texture":"#0"},"south":{"uv":[4.25,1.875,4.59375,2.28125],"tintindex":0,"rotation":0,"texture":"#0"},"north":{"uv":[4.25,1.875,4.59375,2.28125],"tintindex":0,"rotation":0,"texture":"#0"},"west":{"uv":[1.75,4.03125,2.21875,4.4375],"tintindex":0,"rotation":0,"texture":"#0"},"up":{"uv":[2.59375,4.5,2.25,4.03125],"tintindex":0,"rotation":0,"texture":"#0"},"down":{"uv":[2.96875,4.03125,2.625,4.5],"tintindex":0,"rotation":0,"texture":"#0"}},"rotation":{"origin":[8.0,10.467978,3.275074],"angle":22.5,"axis":"x"}}],"display":{"gui":{"rotation":[30,225,0]}}}