{"textures":{"0":"modelengine:entity/skywhisper_wyvern"},"elements":[{"from":[-1.3386517,-1.0673046,-6.367901],"to":[17.338652,14.497114,10.75296],"faces":{"east":{"uv":[2.375,6.5,3.0625,7.125],"tintindex":0,"rotation":0,"texture":"#0"},"south":{"uv":[6.1875,5.625,6.9375,6.25],"tintindex":0,"rotation":0,"texture":"#0"},"north":{"uv":[6.1875,5.625,6.9375,6.25],"tintindex":0,"rotation":0,"texture":"#0"},"west":{"uv":[3.125,6.5,3.8125,7.125],"tintindex":0,"rotation":0,"texture":"#0"},"up":{"uv":[6.9375,3.3125,6.1875,2.625],"tintindex":0,"rotation":0,"texture":"#0"},"down":{"uv":[6.9375,3.375,6.1875,4.0625],"tintindex":0,"rotation":0,"texture":"#0"}},"rotation":{"origin":[8.0,3.6020203,5.305414],"angle":-22.5,"axis":"x"}},{"from":[8.0,14.497114,-6.367901],"to":[8.0,31.617975,10.75296],"faces":{"east":{"uv":[6.1875,4.125,6.875,4.8125],"tintindex":0,"rotation":0,"texture":"#0"},"west":{"uv":[6.1875,4.875,6.875,5.5625],"tintindex":0,"rotation":0,"texture":"#0"}},"rotation":{"origin":[17.338652,3.6020203,5.305414],"angle":-22.5,"axis":"x"}}],"display":{"gui":{"rotation":[30,225,0]}}}