{"textures":{"0":"modelengine:entity/skywhisper_wyvern"},"elements":[{"from":[4.515602,-6.0063486,-1.4947519],"to":[13.854254,9.558071,10.956784],"faces":{"east":{"uv":[7.375,7.5625,7.875,8.1875],"tintindex":0,"rotation":0,"texture":"#0"},"south":{"uv":[1.5,7.9375,1.875,8.5625],"tintindex":0,"rotation":0,"texture":"#0"},"north":{"uv":[1.5,7.9375,1.875,8.5625],"tintindex":0,"rotation":0,"texture":"#0"},"west":{"uv":[7.375,7.5625,7.875,8.1875],"tintindex":0,"rotation":0,"texture":"#0"},"up":{"uv":[8.9375,5.125,8.5625,4.625],"tintindex":0,"rotation":0,"texture":"#0"},"down":{"uv":[8.5625,4.625,8.9375,5.125],"tintindex":0,"rotation":0,"texture":"#0"}},"rotation":{"origin":[9.184929,-0.55880165,4.731016],"angle":22.5,"axis":"x"}}],"display":{"gui":{"rotation":[30,225,0]}}}