{"textures":{"0":"modelengine:entity/skywhisper_wyvern"},"elements":[{"from":[-6.673935,7.632506,6.825095],"to":[4.739972,8.177261,8.381537],"faces":{"east":{"uv":[0.75,9.125,0.9375,9.1875],"tintindex":0,"rotation":0,"texture":"#0"},"south":{"uv":[9.3125,0.5,10.6875,0.5625],"tintindex":0,"rotation":0,"texture":"#0"},"north":{"uv":[8.5625,7.6875,9.9375,7.75],"tintindex":0,"rotation":0,"texture":"#0"},"west":{"uv":[9.5,4.375,9.6875,4.4375],"tintindex":0,"rotation":0,"texture":"#0"},"up":{"uv":[9.125,5.8125,7.75,5.625],"tintindex":0,"rotation":0,"texture":"#0"},"down":{"uv":[9.125,5.625,7.75,5.8125],"tintindex":0,"rotation":0,"texture":"#0"}},"rotation":{"origin":[6.9381585,8.021617,14.989836],"angle":45.0,"axis":"y"}},{"from":[-9.6423855,8.16429,7.0469594],"to":[7.9972916,8.16429,30.912405],"faces":{"up":{"uv":[2.125,2.875,0.0,0.0],"tintindex":0,"rotation":0,"texture":"#0"},"down":{"uv":[2.125,0.0,0.0,2.875],"tintindex":0,"rotation":0,"texture":"#0"}}},{"from":[1.7827883,7.671417,8.287808],"to":[11.121441,8.190231,9.844251],"faces":{"east":{"uv":[6.5625,8.0625,6.75,8.125],"tintindex":0,"rotation":0,"texture":"#0"},"south":{"uv":[9.5,0.875,10.625,0.9375],"tintindex":0,"rotation":0,"texture":"#0"},"north":{"uv":[9.5,0.75,10.625,0.8125],"tintindex":0,"rotation":0,"texture":"#0"},"west":{"uv":[8.3125,4.625,8.5,4.6875],"tintindex":0,"rotation":0,"texture":"#0"},"up":{"uv":[9.3125,7.3125,8.1875,7.125],"tintindex":0,"rotation":0,"texture":"#0"},"down":{"uv":[9.3125,7.125,8.1875,7.3125],"tintindex":0,"rotation":0,"texture":"#0"}},"rotation":{"origin":[6.9381585,8.021617,14.989836],"angle":22.5,"axis":"y"}}],"display":{"gui":{"rotation":[30,225,0]}}}