{"textures":{"0":"modelengine:entity/skywhisper_wyvern"},"elements":[{"from":[0.185318,7.627566,12.795567],"to":[9.0051565,8.1463785,14.352009],"faces":{"east":{"uv":[2.625,7.6875,2.8125,7.75],"tintindex":0,"rotation":0,"texture":"#0"},"south":{"uv":[9.5,3.3125,10.5625,3.375],"tintindex":0,"rotation":0,"texture":"#0"},"north":{"uv":[9.5,3.1875,10.5625,3.25],"tintindex":0,"rotation":0,"texture":"#0"},"west":{"uv":[7.75,5.875,7.9375,5.9375],"tintindex":0,"rotation":0,"texture":"#0"},"up":{"uv":[5.5,8.5625,4.4375,8.375],"tintindex":0,"rotation":0,"texture":"#0"},"down":{"uv":[5.5,8.375,4.4375,8.5625],"tintindex":0,"rotation":0,"texture":"#0"}},"rotation":{"origin":[-6.1097813,8.016675,11.840548],"angle":22.5,"axis":"y"}},{"from":[0.5525427,8.133409,6.4917417],"to":[8.853567,8.133409,27.763119],"faces":{"up":{"uv":[5.375,2.5625,4.375,0.0],"tintindex":0,"rotation":0,"texture":"#0"},"down":{"uv":[5.375,0.0,4.375,2.5625],"tintindex":0,"rotation":0,"texture":"#0"}}}],"display":{"gui":{"rotation":[30,225,0]}}}