{"textures":{"0":"modelengine:entity/skywhisper_wyvern"},"elements":[{"from":[4.6861725,-2.9562645,1.9594655],"to":[12.468383,9.495272,11.298118],"faces":{"east":{"uv":[2.4375,8.625,2.8125,9.125],"tintindex":0,"rotation":0,"texture":"#0"},"south":{"uv":[1.0,8.75,1.3125,9.25],"tintindex":0,"rotation":0,"texture":"#0"},"north":{"uv":[1.0,8.75,1.3125,9.25],"tintindex":0,"rotation":0,"texture":"#0"},"west":{"uv":[2.4375,8.625,2.8125,9.125],"tintindex":0,"rotation":0,"texture":"#0"},"up":{"uv":[3.6875,9.5625,3.375,9.1875],"tintindex":0,"rotation":0,"texture":"#0"},"down":{"uv":[3.6875,9.5625,3.375,9.1875],"tintindex":0,"rotation":0,"texture":"#0"}},"rotation":{"origin":[9.355499,10.662603,7.4070125],"angle":-45.0,"axis":"x"}}],"display":{"gui":{"rotation":[30,225,0]}}}