{"textures":{"0":"modelengine:entity/skywhisper_wyvern"},"elements":[{"from":[3.3306742,2.9918442,-8.468266],"to":[12.669326,15.443378,2.4268265],"faces":{"east":{"uv":[2.625,8.0625,3.0625,8.5625],"tintindex":0,"rotation":0,"texture":"#0"},"south":{"uv":[8.5,0.625,8.875,1.125],"tintindex":0,"rotation":0,"texture":"#0"},"north":{"uv":[3.625,8.0625,4.0,8.5625],"tintindex":0,"rotation":0,"texture":"#0"},"west":{"uv":[3.125,8.0625,3.5625,8.5625],"tintindex":0,"rotation":0,"texture":"#0"},"up":{"uv":[6.4375,9.0625,6.0625,8.625],"tintindex":0,"rotation":0,"texture":"#0"},"down":{"uv":[0.375,8.75,0.0,9.1875],"tintindex":0,"rotation":0,"texture":"#0"}},"rotation":{"origin":[8.778221,19.491676,-1.8386078],"angle":-45.0,"axis":"x"}}],"display":{"gui":{"rotation":[30,225,0]}}}