{"textures":{"0":"modelengine:entity/skywhisper_wyvern"},"elements":[{"from":[0.9960108,5.1053696,-7.0732365],"to":[15.003989,19.11335,10.0476265],"faces":{"east":{"uv":[7.0,3.5,7.6875,4.0625],"tintindex":0,"rotation":0,"texture":"#0"},"south":{"uv":[7.375,1.625,7.9375,2.1875],"tintindex":0,"rotation":0,"texture":"#0"},"north":{"uv":[7.375,1.625,7.9375,2.1875],"tintindex":0,"rotation":0,"texture":"#0"},"west":{"uv":[7.0,5.375,7.6875,5.9375],"tintindex":0,"rotation":0,"texture":"#0"},"up":{"uv":[7.5625,6.6875,7.0,6.0],"tintindex":0,"rotation":0,"texture":"#0"},"down":{"uv":[6.75,7.0,6.1875,7.6875],"tintindex":0,"rotation":0,"texture":"#0"}},"rotation":{"origin":[8.778221,12.10936,1.4871941],"angle":22.5,"axis":"x"}},{"from":[0.9960108,-1.1203976,-7.0732365],"to":[0.9960108,5.1053696,10.0476265],"faces":{"east":{"uv":[8.875,8.625,8.1875,8.875],"tintindex":0,"rotation":0,"texture":"#0"},"west":{"uv":[8.1875,8.625,8.875,8.875],"tintindex":0,"rotation":0,"texture":"#0"}},"rotation":{"origin":[8.778221,12.10936,1.4871941],"angle":22.5,"axis":"x"}},{"from":[15.003989,-1.1203976,-7.0732365],"to":[15.003989,5.1053696,10.0476265],"faces":{"east":{"uv":[8.875,8.625,8.1875,8.875],"tintindex":0,"rotation":0,"texture":"#0"},"west":{"uv":[8.1875,8.625,8.875,8.875],"tintindex":0,"rotation":0,"texture":"#0"}},"rotation":{"origin":[7.221779,12.10936,1.4871941],"angle":22.5,"axis":"x"}}],"display":{"gui":{"rotation":[30,225,0]}}}