{"textures":{"0":"modelengine:entity/skywhisper_wyvern"},"elements":[{"from":[6.994844,7.627566,12.795567],"to":[15.814682,8.1463785,14.352009],"faces":{"east":{"uv":[9.75,2.5625,9.9375,2.625],"tintindex":0,"rotation":0,"texture":"#0"},"south":{"uv":[9.5,3.5625,10.5625,3.625],"tintindex":0,"rotation":0,"texture":"#0"},"north":{"uv":[9.5,3.4375,10.5625,3.5],"tintindex":0,"rotation":0,"texture":"#0"},"west":{"uv":[9.75,7.5,9.9375,7.5625],"tintindex":0,"rotation":0,"texture":"#0"},"up":{"uv":[9.4375,8.3125,8.375,8.125],"tintindex":0,"rotation":0,"texture":"#0"},"down":{"uv":[9.4375,8.375,8.375,8.5625],"tintindex":0,"rotation":0,"texture":"#0"}},"rotation":{"origin":[22.109781,8.016675,11.840548],"angle":-22.5,"axis":"y"}},{"from":[7.146433,8.133409,6.4917417],"to":[15.447457,8.133409,27.763119],"faces":{"up":{"uv":[5.375,7.8125,4.375,5.25],"tintindex":0,"rotation":0,"texture":"#0"},"down":{"uv":[5.375,5.25,4.375,7.8125],"tintindex":0,"rotation":0,"texture":"#0"}}}],"display":{"gui":{"rotation":[30,225,0]}}}