{"textures":{"0":"modelengine:entity/skywhisper_wyvern"},"elements":[{"from":[11.260028,7.632506,6.825095],"to":[22.673935,8.177261,8.381537],"faces":{"east":{"uv":[9.8125,7.125,10.0,7.1875],"tintindex":0,"rotation":0,"texture":"#0"},"south":{"uv":[9.3125,4.9375,10.6875,5.0],"tintindex":0,"rotation":0,"texture":"#0"},"north":{"uv":[9.3125,4.8125,10.6875,4.875],"tintindex":0,"rotation":0,"texture":"#0"},"west":{"uv":[9.8125,8.1875,10.0,8.25],"tintindex":0,"rotation":0,"texture":"#0"},"up":{"uv":[9.1875,2.6875,7.8125,2.5],"tintindex":0,"rotation":0,"texture":"#0"},"down":{"uv":[4.0,7.8125,2.625,8.0],"tintindex":0,"rotation":0,"texture":"#0"}},"rotation":{"origin":[9.061841,8.021617,14.989836],"angle":-45.0,"axis":"y"}},{"from":[4.878559,7.671417,8.287808],"to":[14.217212,8.190231,9.844251],"faces":{"east":{"uv":[9.8125,6.875,10.0,6.9375],"tintindex":0,"rotation":0,"texture":"#0"},"south":{"uv":[9.5,3.0625,10.625,3.125],"tintindex":0,"rotation":0,"texture":"#0"},"north":{"uv":[9.5,2.9375,10.625,3.0],"tintindex":0,"rotation":0,"texture":"#0"},"west":{"uv":[9.8125,7.0,10.0,7.0625],"tintindex":0,"rotation":0,"texture":"#0"},"up":{"uv":[9.4375,3.4375,8.3125,3.25],"tintindex":0,"rotation":0,"texture":"#0"},"down":{"uv":[9.4375,3.5,8.3125,3.6875],"tintindex":0,"rotation":0,"texture":"#0"}},"rotation":{"origin":[9.061841,8.021617,14.989836],"angle":-22.5,"axis":"y"}},{"from":[8.002708,8.16429,7.0469594],"to":[25.642385,8.16429,30.912405],"faces":{"up":{"uv":[2.125,5.8125,0.0,2.9375],"tintindex":0,"rotation":0,"texture":"#0"},"down":{"uv":[2.125,2.9375,0.0,5.8125],"tintindex":0,"rotation":0,"texture":"#0"}}}],"display":{"gui":{"rotation":[30,225,0]}}}