{"textures":{"0":"modelengine:entity/skywhisper_wyvern"},"elements":[{"from":[4.9769883,-2.247489,5.6577644],"to":[11.202756,10.204047,11.883533],"faces":{"east":{"uv":[9.1875,9.125,8.9375,9.625],"tintindex":0,"rotation":0,"texture":"#0"},"south":{"uv":[7.75,9.125,8.0,9.625],"tintindex":0,"rotation":0,"texture":"#0"},"north":{"uv":[7.75,9.125,8.0,9.625],"tintindex":0,"rotation":0,"texture":"#0"},"west":{"uv":[9.1875,9.125,8.9375,9.625],"tintindex":0,"rotation":0,"texture":"#0"},"up":{"uv":[8.625,9.6875,8.375,9.4375],"tintindex":0,"rotation":0,"texture":"#0"},"down":{"uv":[8.625,9.6875,8.375,9.4375],"tintindex":0,"rotation":0,"texture":"#0"}},"rotation":{"origin":[7.311651,10.204047,5.268654],"angle":22.5,"axis":"x"}}],"display":{"gui":{"rotation":[30,225,0]}}}