{"textures":{"0":"modelengine:entity/skywhisper_wyvern"},"elements":[{"from":[8.0,13.349251,7.673188],"to":[8.0,27.357227,27.906935],"faces":{"east":{"uv":[1.5,6.5,2.3125,7.0625],"tintindex":0,"rotation":0,"texture":"#0"},"west":{"uv":[6.5,1.625,7.3125,2.1875],"tintindex":0,"rotation":0,"texture":"#0"}}},{"from":[4.1088953,2.4541569,7.673188],"to":[11.891105,13.349251,27.906935],"faces":{"east":{"uv":[7.1875,1.125,8.0,1.5625],"tintindex":0,"rotation":0,"texture":"#0"},"south":{"uv":[5.0625,7.875,5.375,8.3125],"tintindex":0,"rotation":0,"texture":"#0"},"north":{"uv":[5.0625,7.875,5.375,8.3125],"tintindex":0,"rotation":0,"texture":"#0"},"west":{"uv":[2.0625,7.1875,2.875,7.625],"tintindex":0,"rotation":0,"texture":"#0"},"up":{"uv":[6.5,8.5625,6.1875,7.75],"tintindex":0,"rotation":0,"texture":"#0"},"down":{"uv":[4.375,7.875,4.0625,8.6875],"tintindex":0,"rotation":0,"texture":"#0"}}}],"display":{"gui":{"rotation":[30,225,0]}}}