{"textures":{"0":"modelengine:entity/skywhisper_wyvern"},"elements":[{"from":[8.0,8.512064,10.28067],"to":[8.0,15.516052,27.401533],"faces":{"east":{"uv":[1.5,5.875,2.875,6.4375],"tintindex":0,"rotation":0,"texture":"#0"},"west":{"uv":[2.9375,5.875,4.3125,6.4375],"tintindex":0,"rotation":0,"texture":"#0"}},"rotation":{"origin":[8.389111,11.641134,2.5605793],"angle":22.5,"axis":"x"}},{"from":[6.8326683,8.512064,8.724228],"to":[9.167332,11.6249485,20.397543],"faces":{"east":{"uv":[8.0,0.0,8.9375,0.25],"tintindex":0,"rotation":0,"texture":"#0"},"south":{"uv":[8.6875,9.4375,8.875,9.6875],"tintindex":0,"rotation":0,"texture":"#0"},"north":{"uv":[6.5625,7.75,6.75,8.0],"tintindex":0,"rotation":0,"texture":"#0"},"west":{"uv":[8.0,0.3125,8.9375,0.5625],"tintindex":0,"rotation":0,"texture":"#0"},"up":{"uv":[3.9375,9.5625,3.75,8.625],"tintindex":0,"rotation":0,"texture":"#0"},"down":{"uv":[5.5,8.625,5.3125,9.5625],"tintindex":0,"rotation":0,"texture":"#0"}},"rotation":{"origin":[7.221779,11.641134,2.5605793],"angle":22.5,"axis":"x"}}],"display":{"gui":{"rotation":[30,225,0]}}}