{"textures":{"0":"modelengine:entity/skywhisper_wyvern"},"elements":[{"from":[4.887116,1.5468063,3.5669708],"to":[11.1128845,10.88546,22.244276],"faces":{"east":{"uv":[7.75,4.75,8.5,5.125],"tintindex":0,"rotation":0,"texture":"#0"},"south":{"uv":[4.0,9.3125,4.25,9.6875],"tintindex":0,"rotation":0,"texture":"#0"},"north":{"uv":[4.0,9.3125,4.25,9.6875],"tintindex":0,"rotation":0,"texture":"#0"},"west":{"uv":[7.75,5.1875,8.5,5.5625],"tintindex":0,"rotation":0,"texture":"#0"},"up":{"uv":[7.375,9.25,7.125,8.5],"tintindex":0,"rotation":0,"texture":"#0"},"down":{"uv":[7.6875,8.5,7.4375,9.25],"tintindex":0,"rotation":0,"texture":"#0"}},"rotation":{"origin":[7.221779,3.6345005,7.9662895],"angle":45.0,"axis":"x"}},{"from":[8.0,10.88546,3.5669708],"to":[8.0,23.336996,22.244276],"faces":{"east":{"uv":[7.1875,0.0,7.9375,0.5],"tintindex":0,"rotation":0,"texture":"#0"},"west":{"uv":[7.1875,0.5625,7.9375,1.0625],"tintindex":0,"rotation":0,"texture":"#0"}},"rotation":{"origin":[10.334663,3.6345005,7.9662895],"angle":45.0,"axis":"x"}}],"display":{"gui":{"rotation":[30,225,0]}}}