{"textures":{"0":"modelengine:entity/skywhisper_wyvern"},"elements":[{"from":[8.0,14.964782,-0.10440159],"to":[8.0,21.96877,9.234251],"faces":{"east":{"uv":[7.0,2.25,7.75,2.8125],"tintindex":0,"rotation":0,"texture":"#0"},"west":{"uv":[7.0,2.875,7.75,3.4375],"tintindex":0,"rotation":0,"texture":"#0"}},"rotation":{"origin":[10.334663,9.517235,1.8411508],"angle":22.5,"axis":"x"}},{"from":[4.1088953,7.9607925,-0.10440159],"to":[11.891105,14.964782,9.234251],"faces":{"east":{"uv":[6.9375,4.125,7.6875,4.6875],"tintindex":0,"rotation":0,"texture":"#0"},"south":{"uv":[2.9375,7.1875,3.5625,7.75],"tintindex":0,"rotation":0,"texture":"#0"},"north":{"uv":[2.9375,7.1875,3.5625,7.75],"tintindex":0,"rotation":0,"texture":"#0"},"west":{"uv":[6.9375,4.75,7.6875,5.3125],"tintindex":0,"rotation":0,"texture":"#0"},"up":{"uv":[7.125,0.75,6.5,0.0],"tintindex":0,"rotation":0,"texture":"#0"},"down":{"uv":[7.125,0.8125,6.5,1.5625],"tintindex":0,"rotation":0,"texture":"#0"}},"rotation":{"origin":[8.0,9.517235,1.8411508],"angle":22.5,"axis":"x"}}],"display":{"gui":{"rotation":[30,225,0]}}}