{"textures":{"0":"modelengine:entity/texture6"},"elements":[{"from":[3.750763,5.2944794,18.293913],"to":[7.750763,9.294479,27.293913],"faces":{"east":{"uv":[4.09375,7.75,4.375,7.875],"tintindex":0,"rotation":0,"texture":"#0"},"south":{"uv":[2.03125,8.6875,2.15625,8.8125],"tintindex":0,"rotation":0,"texture":"#0"},"north":{"uv":[8.625,8.65625,8.75,8.78125],"tintindex":0,"rotation":0,"texture":"#0"},"west":{"uv":[0.53125,8.46875,0.8125,8.59375],"tintindex":0,"rotation":0,"texture":"#0"},"up":{"uv":[0.25,8.75,0.125,8.46875],"tintindex":0,"rotation":0,"texture":"#0"},"down":{"uv":[0.9375,8.46875,0.8125,8.75],"tintindex":0,"rotation":0,"texture":"#0"}},"rotation":{"origin":[5.072983,10.0,9.880589],"angle":0.0,"axis":"z"}}],"display":{"gui":{"rotation":[30,225,0]}}}