{"textures":{"0":"modelengine:entity/texture6"},"elements":[{"from":[1.9096909,5.2944794,17.804953],"to":[6.909691,9.294479,20.804953],"faces":{"east":{"uv":[4.53125,7.1875,4.625,7.3125],"tintindex":0,"rotation":0,"texture":"#0"},"south":{"uv":[0.9375,8.53125,1.09375,8.65625],"tintindex":0,"rotation":0,"texture":"#0"},"north":{"uv":[7.96875,8.5,8.125,8.625],"tintindex":0,"rotation":0,"texture":"#0"},"west":{"uv":[1.3125,8.65625,1.40625,8.78125],"tintindex":0,"rotation":0,"texture":"#0"},"up":{"uv":[2.96875,7.5,2.8125,7.40625],"tintindex":0,"rotation":0,"texture":"#0"},"down":{"uv":[1.96875,7.5625,1.8125,7.65625],"tintindex":0,"rotation":0,"texture":"#0"}},"rotation":{"origin":[5.072983,10.0,9.880589],"angle":22.5,"axis":"y"}}],"display":{"gui":{"rotation":[30,225,0]}}}