{"textures":{"0":"modelengine:entity/texture6"},"elements":[{"from":[-14.010956,8.471346,5.44456],"to":[4.489044,8.971346,13.94456],"faces":{"east":{"uv":[4.375,7.84375,4.90625,7.875],"tintindex":0,"rotation":0,"texture":"#0"},"south":{"uv":[1.15625,4.9375,2.3125,4.96875],"tintindex":0,"rotation":0,"texture":"#0"},"north":{"uv":[1.15625,4.90625,2.3125,4.9375],"tintindex":0,"rotation":0,"texture":"#0"},"west":{"uv":[5.5,7.84375,6.03125,7.875],"tintindex":0,"rotation":0,"texture":"#0"},"up":{"uv":[4.40625,4.15625,3.25,3.625],"tintindex":0,"rotation":0,"texture":"#0"},"down":{"uv":[1.15625,3.9375,0.0,4.46875],"tintindex":0,"rotation":0,"texture":"#0"}}},{"from":[-15.510956,7.021345,3.44456],"to":[4.989044,9.021345,5.44456],"faces":{"east":{"uv":[3.25,8.65625,3.375,8.78125],"tintindex":0,"rotation":0,"texture":"#0"},"south":{"uv":[7.5,7.0625,8.78125,7.1875],"tintindex":0,"rotation":0,"texture":"#0"},"north":{"uv":[7.4375,4.125,8.71875,4.25],"tintindex":0,"rotation":0,"texture":"#0"},"west":{"uv":[3.375,8.65625,3.5,8.78125],"tintindex":0,"rotation":0,"texture":"#0"},"up":{"uv":[8.78125,7.3125,7.5,7.1875],"tintindex":0,"rotation":0,"texture":"#0"},"down":{"uv":[8.78125,7.3125,7.5,7.4375],"tintindex":0,"rotation":0,"texture":"#0"}}}],"display":{"gui":{"rotation":[30,225,0]}}}