{"textures":{"0":"modelengine:entity/texture6"},"elements":[{"from":[11.010956,7.021345,3.44456],"to":[31.510956,9.021345,5.44456],"faces":{"east":{"uv":[2.40625,8.6875,2.53125,8.8125],"tintindex":0,"rotation":0,"texture":"#0"},"south":{"uv":[7.625,0.125,8.90625,0.25],"tintindex":0,"rotation":0,"texture":"#0"},"north":{"uv":[7.625,0.0,8.90625,0.125],"tintindex":0,"rotation":0,"texture":"#0"},"west":{"uv":[2.53125,8.6875,2.65625,8.8125],"tintindex":0,"rotation":0,"texture":"#0"},"up":{"uv":[8.90625,0.375,7.625,0.25],"tintindex":0,"rotation":0,"texture":"#0"},"down":{"uv":[8.9375,0.375,7.65625,0.5],"tintindex":0,"rotation":0,"texture":"#0"}}}],"display":{"gui":{"rotation":[30,225,0]}}}