{"textures":{"0":"modelengine:entity/texture6"},"elements":[{"from":[5.5776825,8.172073,0.875556],"to":[23.577682,8.672073,6.375556],"faces":{"east":{"uv":[7.875,2.8125,8.21875,2.84375],"tintindex":0,"rotation":0,"texture":"#0"},"south":{"uv":[8.46875,2.40625,9.59375,2.4375],"tintindex":0,"rotation":0,"texture":"#0"},"north":{"uv":[8.46875,2.375,9.59375,2.40625],"tintindex":0,"rotation":0,"texture":"#0"},"west":{"uv":[4.65625,7.875,5.0,7.90625],"tintindex":0,"rotation":0,"texture":"#0"},"up":{"uv":[6.90625,1.46875,5.78125,1.125],"tintindex":0,"rotation":0,"texture":"#0"},"down":{"uv":[6.90625,1.46875,5.78125,1.8125],"tintindex":0,"rotation":0,"texture":"#0"}}}],"display":{"gui":{"rotation":[30,225,0]}}}