{"textures":{"0":"modelengine:entity/texture6"},"elements":[{"from":[10.8405,8.294924,4.5397053],"to":[29.3405,8.794924,13.039705],"faces":{"east":{"uv":[8.53125,6.625,9.0625,6.65625],"tintindex":0,"rotation":0,"texture":"#0"},"south":{"uv":[8.46875,2.28125,9.625,2.3125],"tintindex":0,"rotation":0,"texture":"#0"},"north":{"uv":[8.46875,2.25,9.625,2.28125],"tintindex":0,"rotation":0,"texture":"#0"},"west":{"uv":[8.53125,6.65625,9.0625,6.6875],"tintindex":0,"rotation":0,"texture":"#0"},"up":{"uv":[1.15625,5.0,0.0,4.46875],"tintindex":0,"rotation":0,"texture":"#0"},"down":{"uv":[5.78125,1.375,4.625,1.90625],"tintindex":0,"rotation":0,"texture":"#0"}}}],"display":{"gui":{"rotation":[30,225,0]}}}