{"textures":{"0":"modelengine:entity/texture6"},"elements":[{"from":[6.4253616,6.7220726,0.44129848],"to":[26.925362,8.722073,2.4412985],"faces":{"east":{"uv":[5.375,8.6875,5.5,8.8125],"tintindex":0,"rotation":0,"texture":"#0"},"south":{"uv":[7.71875,6.25,9.0,6.375],"tintindex":0,"rotation":0,"texture":"#0"},"north":{"uv":[7.375,7.6875,8.65625,7.8125],"tintindex":0,"rotation":0,"texture":"#0"},"west":{"uv":[5.5,8.6875,5.625,8.8125],"tintindex":0,"rotation":0,"texture":"#0"},"up":{"uv":[9.0,6.5,7.71875,6.375],"tintindex":0,"rotation":0,"texture":"#0"},"down":{"uv":[4.09375,7.75,2.8125,7.875],"tintindex":0,"rotation":0,"texture":"#0"}}}],"display":{"gui":{"rotation":[30,225,0]}}}