{"textures":{"0":"modelengine:entity/texture6"},"elements":[{"from":[3.0561066,8.10092,3.4341555],"to":[28.056107,8.60092,16.434155],"faces":{"east":{"uv":[2.5,5.6875,3.3125,5.71875],"tintindex":0,"rotation":0,"texture":"#0"},"south":{"uv":[7.84375,5.28125,9.40625,5.3125],"tintindex":0,"rotation":0,"texture":"#0"},"north":{"uv":[7.84375,5.25,9.40625,5.28125],"tintindex":0,"rotation":0,"texture":"#0"},"west":{"uv":[2.8125,7.71875,3.625,7.75],"tintindex":0,"rotation":0,"texture":"#0"},"up":{"uv":[1.5625,0.8125,0.0,0.0],"tintindex":0,"rotation":0,"texture":"#0"},"down":{"uv":[1.5625,0.8125,0.0,1.625],"tintindex":0,"rotation":0,"texture":"#0"}}}],"display":{"gui":{"rotation":[30,225,0]}}}