{"textures":{"0":"modelengine:entity/texture6"},"elements":[{"from":[-14.8405,6.844925,2.5397062],"to":[5.6595,8.844925,4.5397053],"faces":{"east":{"uv":[3.75,8.65625,3.875,8.78125],"tintindex":0,"rotation":0,"texture":"#0"},"south":{"uv":[7.53125,3.0,8.8125,3.125],"tintindex":0,"rotation":0,"texture":"#0"},"north":{"uv":[7.5,7.4375,8.78125,7.5625],"tintindex":0,"rotation":0,"texture":"#0"},"west":{"uv":[3.875,8.65625,4.0,8.78125],"tintindex":0,"rotation":0,"texture":"#0"},"up":{"uv":[8.8125,3.25,7.53125,3.125],"tintindex":0,"rotation":0,"texture":"#0"},"down":{"uv":[1.28125,7.5625,0.0,7.6875],"tintindex":0,"rotation":0,"texture":"#0"}}},{"from":[-13.3405,8.294924,4.5397053],"to":[5.1595,8.794924,13.039705],"faces":{"east":{"uv":[5.5,7.875,6.03125,7.90625],"tintindex":0,"rotation":0,"texture":"#0"},"south":{"uv":[8.46875,2.15625,9.625,2.1875],"tintindex":0,"rotation":0,"texture":"#0"},"north":{"uv":[8.46875,2.125,9.625,2.15625],"tintindex":0,"rotation":0,"texture":"#0"},"west":{"uv":[2.25,8.53125,2.78125,8.5625],"tintindex":0,"rotation":0,"texture":"#0"},"up":{"uv":[4.40625,4.6875,3.25,4.15625],"tintindex":0,"rotation":0,"texture":"#0"},"down":{"uv":[2.3125,4.375,1.15625,4.90625],"tintindex":0,"rotation":0,"texture":"#0"}}}],"display":{"gui":{"rotation":[30,225,0]}}}