{"textures":{"0":"modelengine:entity/texture6"},"elements":[{"from":[10.3405,6.844925,2.5397062],"to":[30.8405,8.844925,4.5397053],"faces":{"east":{"uv":[2.90625,8.6875,3.03125,8.8125],"tintindex":0,"rotation":0,"texture":"#0"},"south":{"uv":[7.65625,0.625,8.9375,0.75],"tintindex":0,"rotation":0,"texture":"#0"},"north":{"uv":[7.65625,0.5,8.9375,0.625],"tintindex":0,"rotation":0,"texture":"#0"},"west":{"uv":[3.03125,8.6875,3.15625,8.8125],"tintindex":0,"rotation":0,"texture":"#0"},"up":{"uv":[8.9375,0.875,7.65625,0.75],"tintindex":0,"rotation":0,"texture":"#0"},"down":{"uv":[8.9375,0.875,7.65625,1.0],"tintindex":0,"rotation":0,"texture":"#0"}}}],"display":{"gui":{"rotation":[30,225,0]}}}