{"textures":{"0":"modelengine:entity/texture6"},"elements":[{"from":[11.510956,8.471346,5.44456],"to":[30.010956,8.971346,13.94456],"faces":{"east":{"uv":[4.625,8.53125,5.15625,8.5625],"tintindex":0,"rotation":0,"texture":"#0"},"south":{"uv":[8.46875,2.21875,9.625,2.25],"tintindex":0,"rotation":0,"texture":"#0"},"north":{"uv":[8.46875,2.1875,9.625,2.21875],"tintindex":0,"rotation":0,"texture":"#0"},"west":{"uv":[8.53125,6.59375,9.0625,6.625],"tintindex":0,"rotation":0,"texture":"#0"},"up":{"uv":[5.5625,4.15625,4.40625,3.625],"tintindex":0,"rotation":0,"texture":"#0"},"down":{"uv":[5.5625,4.15625,4.40625,4.6875],"tintindex":0,"rotation":0,"texture":"#0"}}}],"display":{"gui":{"rotation":[30,225,0]}}}