{"textures":{"0":"modelengine:entity/texture6"},"elements":[{"from":[9.056107,6.650919,1.4341555],"to":[29.556107,8.650919,3.4341555],"faces":{"east":{"uv":[4.875,8.6875,5.0,8.8125],"tintindex":0,"rotation":0,"texture":"#0"},"south":{"uv":[7.65625,1.125,8.9375,1.25],"tintindex":0,"rotation":0,"texture":"#0"},"north":{"uv":[7.65625,1.0,8.9375,1.125],"tintindex":0,"rotation":0,"texture":"#0"},"west":{"uv":[5.0,8.6875,5.125,8.8125],"tintindex":0,"rotation":0,"texture":"#0"},"up":{"uv":[1.28125,7.8125,0.0,7.6875],"tintindex":0,"rotation":0,"texture":"#0"},"down":{"uv":[7.375,7.6875,6.09375,7.8125],"tintindex":0,"rotation":0,"texture":"#0"}}}],"display":{"gui":{"rotation":[30,225,0]}}}