{"textures":{"0":"modelengine:entity/texture6"},"elements":[{"from":[6.553303,8.7453575,13.833334],"to":[24.886637,9.078691,18.5],"faces":{"east":{"uv":[5.0625,3.59375,5.5,3.625],"tintindex":0,"rotation":0,"texture":"#0"},"south":{"uv":[7.71875,6.5,9.4375,6.53125],"tintindex":0,"rotation":0,"texture":"#0"},"north":{"uv":[7.59375,3.625,9.3125,3.65625],"tintindex":0,"rotation":0,"texture":"#0"},"west":{"uv":[0.6875,5.21875,1.125,5.25],"tintindex":0,"rotation":0,"texture":"#0"},"up":{"uv":[5.0625,3.1875,3.34375,2.75],"tintindex":0,"rotation":0,"texture":"#0"},"down":{"uv":[5.0625,3.1875,3.34375,3.625],"tintindex":0,"rotation":0,"texture":"#0"}}}],"display":{"gui":{"rotation":[30,225,0]}}}