{"textures":{"0":"modelengine:entity/texture6"},"elements":[{"from":[6.2965746,6.1439056,10.833334],"to":[29.296576,9.143906,13.833334],"faces":{"east":{"uv":[5.25,8.15625,5.53125,8.4375],"tintindex":0,"rotation":0,"texture":"#0"},"south":{"uv":[4.71875,0.5625,6.875,0.84375],"tintindex":0,"rotation":0,"texture":"#0"},"north":{"uv":[4.71875,0.28125,6.875,0.5625],"tintindex":0,"rotation":0,"texture":"#0"},"west":{"uv":[0.0,8.1875,0.28125,8.46875],"tintindex":0,"rotation":0,"texture":"#0"},"up":{"uv":[6.875,1.125,4.71875,0.84375],"tintindex":0,"rotation":0,"texture":"#0"},"down":{"uv":[3.3125,4.96875,1.15625,5.25],"tintindex":0,"rotation":0,"texture":"#0"}}}],"display":{"gui":{"rotation":[30,225,0]}}}