{"textures":{"0":"modelengine:entity/texture6"},"elements":[{"from":[-9.426378,8.426754,5.833333],"to":[7.906956,8.760087,13.166667],"faces":{"east":{"uv":[8.46875,4.09375,9.15625,4.125],"tintindex":0,"rotation":0,"texture":"#0"},"south":{"uv":[7.71875,6.5625,9.34375,6.59375],"tintindex":0,"rotation":0,"texture":"#0"},"north":{"uv":[7.71875,6.53125,9.34375,6.5625],"tintindex":0,"rotation":0,"texture":"#0"},"west":{"uv":[8.5,4.8125,9.1875,4.84375],"tintindex":0,"rotation":0,"texture":"#0"},"up":{"uv":[3.25,3.125,1.625,2.4375],"tintindex":0,"rotation":0,"texture":"#0"},"down":{"uv":[4.625,1.625,3.0,2.3125],"tintindex":0,"rotation":0,"texture":"#0"}}},{"from":[-8.682041,8.520348,10.5],"to":[3.9846263,8.85368,14.166667],"faces":{"east":{"uv":[2.9375,5.625,3.28125,5.65625],"tintindex":0,"rotation":0,"texture":"#0"},"south":{"uv":[8.4375,5.5625,9.625,5.59375],"tintindex":0,"rotation":0,"texture":"#0"},"north":{"uv":[8.28125,2.96875,9.46875,3.0],"tintindex":0,"rotation":0,"texture":"#0"},"west":{"uv":[7.0625,7.53125,7.40625,7.5625],"tintindex":0,"rotation":0,"texture":"#0"},"up":{"uv":[6.75,4.625,5.5625,4.28125],"tintindex":0,"rotation":0,"texture":"#0"},"down":{"uv":[2.5,5.65625,1.3125,6.0],"tintindex":0,"rotation":0,"texture":"#0"}},"rotation":{"origin":[-2.5153751,13.020347,15.166667],"angle":22.5,"axis":"y"}},{"from":[-9.426378,5.760087,5.5],"to":[7.906956,8.760087,8.5],"faces":{"east":{"uv":[4.125,8.125,4.40625,8.40625],"tintindex":0,"rotation":0,"texture":"#0"},"south":{"uv":[4.96875,2.46875,6.59375,2.75],"tintindex":0,"rotation":0,"texture":"#0"},"north":{"uv":[4.96875,2.1875,6.59375,2.46875],"tintindex":0,"rotation":0,"texture":"#0"},"west":{"uv":[1.5625,8.15625,1.84375,8.4375],"tintindex":0,"rotation":0,"texture":"#0"},"up":{"uv":[6.6875,3.03125,5.0625,2.75],"tintindex":0,"rotation":0,"texture":"#0"},"down":{"uv":[6.6875,3.03125,5.0625,3.3125],"tintindex":0,"rotation":0,"texture":"#0"}}}],"display":{"gui":{"rotation":[30,225,0]}}}