{"textures":{"0":"modelengine:entity/texture6"},"elements":[{"from":[-13.296577,6.1439056,10.833334],"to":[9.703425,9.143906,13.833334],"faces":{"east":{"uv":[1.84375,8.15625,2.125,8.4375],"tintindex":0,"rotation":0,"texture":"#0"},"south":{"uv":[2.3125,4.6875,4.46875,4.96875],"tintindex":0,"rotation":0,"texture":"#0"},"north":{"uv":[4.625,1.90625,6.78125,2.1875],"tintindex":0,"rotation":0,"texture":"#0"},"west":{"uv":[4.40625,8.15625,4.6875,8.4375],"tintindex":0,"rotation":0,"texture":"#0"},"up":{"uv":[6.625,4.96875,4.46875,4.6875],"tintindex":0,"rotation":0,"texture":"#0"},"down":{"uv":[6.875,0.0,4.71875,0.28125],"tintindex":0,"rotation":0,"texture":"#0"}}},{"from":[-8.886637,8.7453575,13.833334],"to":[9.446697,9.078691,18.5],"faces":{"east":{"uv":[3.625,1.53125,4.0625,1.5625],"tintindex":0,"rotation":0,"texture":"#0"},"south":{"uv":[7.59375,2.0625,9.3125,2.09375],"tintindex":0,"rotation":0,"texture":"#0"},"north":{"uv":[7.59375,2.03125,9.3125,2.0625],"tintindex":0,"rotation":0,"texture":"#0"},"west":{"uv":[3.625,1.5625,4.0625,1.59375],"tintindex":0,"rotation":0,"texture":"#0"},"up":{"uv":[3.34375,3.5625,1.625,3.125],"tintindex":0,"rotation":0,"texture":"#0"},"down":{"uv":[4.96875,2.3125,3.25,2.75],"tintindex":0,"rotation":0,"texture":"#0"}}}],"display":{"gui":{"rotation":[30,225,0]}}}