{"textures":{"0":"modelengine:entity/texture6"},"elements":[{"from":[-11.6702385,8.432066,1.0191259],"to":[4.8297615,8.932066,3.519126],"faces":{"east":{"uv":[7.25,3.0,7.40625,3.03125],"tintindex":0,"rotation":0,"texture":"#0"},"south":{"uv":[8.46875,3.6875,9.5,3.71875],"tintindex":0,"rotation":0,"texture":"#0"},"north":{"uv":[8.46875,3.65625,9.5,3.6875],"tintindex":0,"rotation":0,"texture":"#0"},"west":{"uv":[1.96875,7.625,2.125,7.65625],"tintindex":0,"rotation":0,"texture":"#0"},"up":{"uv":[8.46875,2.40625,7.4375,2.25],"tintindex":0,"rotation":0,"texture":"#0"},"down":{"uv":[8.46875,2.40625,7.4375,2.5625],"tintindex":0,"rotation":0,"texture":"#0"}},"rotation":{"origin":[8.886921,7.597492,5.0871973],"angle":0.0,"axis":"y"}},{"from":[-11.917225,6.8820667,0.15849018],"to":[6.082779,8.882067,2.1584902],"faces":{"east":{"uv":[8.65625,6.6875,8.78125,6.8125],"tintindex":0,"rotation":0,"texture":"#0"},"south":{"uv":[7.84375,6.0,8.96875,6.125],"tintindex":0,"rotation":0,"texture":"#0"},"north":{"uv":[7.84375,5.875,8.96875,6.0],"tintindex":0,"rotation":0,"texture":"#0"},"west":{"uv":[8.65625,6.8125,8.78125,6.9375],"tintindex":0,"rotation":0,"texture":"#0"},"up":{"uv":[8.96875,6.25,7.84375,6.125],"tintindex":0,"rotation":0,"texture":"#0"},"down":{"uv":[3.53125,7.875,2.40625,8.0],"tintindex":0,"rotation":0,"texture":"#0"}}}],"display":{"gui":{"rotation":[30,225,0]}}}