{"textures":{"0":"modelengine:entity/texture6"},"elements":[{"from":[-10.925362,6.7220726,0.44129848],"to":[9.574638,8.722073,2.4412985],"faces":{"east":{"uv":[8.65625,6.9375,8.78125,7.0625],"tintindex":0,"rotation":0,"texture":"#0"},"south":{"uv":[7.59375,3.25,8.875,3.375],"tintindex":0,"rotation":0,"texture":"#0"},"north":{"uv":[7.59375,1.90625,8.875,2.03125],"tintindex":0,"rotation":0,"texture":"#0"},"west":{"uv":[8.65625,7.6875,8.78125,7.8125],"tintindex":0,"rotation":0,"texture":"#0"},"up":{"uv":[8.875,3.5,7.59375,3.375],"tintindex":0,"rotation":0,"texture":"#0"},"down":{"uv":[8.875,3.5,7.59375,3.625],"tintindex":0,"rotation":0,"texture":"#0"}}},{"from":[-7.5776825,8.172073,0.875556],"to":[10.4223175,8.672073,7.375556],"faces":{"east":{"uv":[6.625,4.9375,7.03125,4.96875],"tintindex":0,"rotation":0,"texture":"#0"},"south":{"uv":[8.46875,2.34375,9.59375,2.375],"tintindex":0,"rotation":0,"texture":"#0"},"north":{"uv":[8.46875,2.3125,9.59375,2.34375],"tintindex":0,"rotation":0,"texture":"#0"},"west":{"uv":[7.28125,6.25,7.6875,6.28125],"tintindex":0,"rotation":0,"texture":"#0"},"up":{"uv":[1.8125,5.65625,0.6875,5.25],"tintindex":0,"rotation":0,"texture":"#0"},"down":{"uv":[2.9375,5.25,1.8125,5.65625],"tintindex":0,"rotation":0,"texture":"#0"}}}],"display":{"gui":{"rotation":[30,225,0]}}}