{"textures":{"0":"modelengine:entity/texture6"},"elements":[{"from":[-13.967762,6.810913,2.0825129],"to":[4.032238,8.810913,4.082514],"faces":{"east":{"uv":[4.0,8.65625,4.125,8.78125],"tintindex":0,"rotation":0,"texture":"#0"},"south":{"uv":[7.84375,5.125,8.96875,5.25],"tintindex":0,"rotation":0,"texture":"#0"},"north":{"uv":[7.84375,5.0,8.96875,5.125],"tintindex":0,"rotation":0,"texture":"#0"},"west":{"uv":[4.375,8.65625,4.5,8.78125],"tintindex":0,"rotation":0,"texture":"#0"},"up":{"uv":[8.96875,5.75,7.84375,5.625],"tintindex":0,"rotation":0,"texture":"#0"},"down":{"uv":[8.96875,5.75,7.84375,5.875],"tintindex":0,"rotation":0,"texture":"#0"}}},{"from":[-13.802753,8.360912,2.8518744],"to":[2.6972466,8.860912,5.3518744],"faces":{"east":{"uv":[5.15625,6.625,5.3125,6.65625],"tintindex":0,"rotation":0,"texture":"#0"},"south":{"uv":[8.46875,2.53125,9.5,2.5625],"tintindex":0,"rotation":0,"texture":"#0"},"north":{"uv":[8.46875,2.5,9.5,2.53125],"tintindex":0,"rotation":0,"texture":"#0"},"west":{"uv":[3.78125,7.03125,3.9375,7.0625],"tintindex":0,"rotation":0,"texture":"#0"},"up":{"uv":[8.4375,5.625,7.40625,5.46875],"tintindex":0,"rotation":0,"texture":"#0"},"down":{"uv":[8.46875,2.09375,7.4375,2.25],"tintindex":0,"rotation":0,"texture":"#0"}},"rotation":{"origin":[8.886921,7.597492,5.0871973],"angle":0.0,"axis":"y"}}],"display":{"gui":{"rotation":[30,225,0]}}}