{"textures":{"0":"modelengine:entity/texture6"},"elements":[{"from":[4.5,7.265476,-2.5903282],"to":[11.5,9.265476,-0.21532822],"faces":{"east":{"uv":[5.3125,5.65625,5.46875,5.78125],"tintindex":0,"rotation":0,"texture":"#0"},"south":{"uv":[2.875,8.4375,3.3125,8.5625],"tintindex":0,"rotation":0,"texture":"#0"},"north":{"uv":[8.34375,7.8125,8.78125,7.9375],"tintindex":0,"rotation":0,"texture":"#0"},"west":{"uv":[3.78125,6.90625,3.9375,7.03125],"tintindex":0,"rotation":0,"texture":"#0"},"up":{"uv":[6.875,8.53125,6.4375,8.375],"tintindex":0,"rotation":0,"texture":"#0"},"down":{"uv":[8.5625,8.40625,8.125,8.5625],"tintindex":0,"rotation":0,"texture":"#0"}},"rotation":{"origin":[8.0,1.0154762,-1.2153282],"angle":22.5,"axis":"x"}},{"from":[4.5,5.765476,3.0346718],"to":[11.5,12.265476,8.034672],"faces":{"east":{"uv":[2.25,8.125,2.5625,8.53125],"tintindex":0,"rotation":0,"texture":"#0"},"south":{"uv":[7.21875,0.84375,7.65625,1.25],"tintindex":0,"rotation":0,"texture":"#0"},"north":{"uv":[7.21875,0.4375,7.65625,0.84375],"tintindex":0,"rotation":0,"texture":"#0"},"west":{"uv":[2.5625,8.125,2.875,8.53125],"tintindex":0,"rotation":0,"texture":"#0"},"up":{"uv":[6.4375,8.375,6.0,8.0625],"tintindex":0,"rotation":0,"texture":"#0"},"down":{"uv":[6.875,8.0625,6.4375,8.375],"tintindex":0,"rotation":0,"texture":"#0"}}},{"from":[4.5,12.265476,-4.590328],"to":[11.5,14.265476,-1.2153282],"faces":{"east":{"uv":[2.8125,7.28125,3.03125,7.40625],"tintindex":0,"rotation":0,"texture":"#0"},"south":{"uv":[8.34375,7.5625,8.78125,7.6875],"tintindex":0,"rotation":0,"texture":"#0"},"north":{"uv":[6.1875,4.15625,6.625,4.28125],"tintindex":0,"rotation":0,"texture":"#0"},"west":{"uv":[8.5,4.5625,8.71875,4.6875],"tintindex":0,"rotation":0,"texture":"#0"},"up":{"uv":[8.5625,8.28125,8.125,8.0625],"tintindex":0,"rotation":0,"texture":"#0"},"down":{"uv":[1.5625,8.15625,1.125,8.375],"tintindex":0,"rotation":0,"texture":"#0"}},"rotation":{"origin":[8.0,1.0154762,-1.2153282],"angle":22.5,"axis":"x"}}],"display":{"gui":{"rotation":[30,225,0]}}}