{"textures":{"0":"modelengine:entity/texture6"},"elements":[{"from":[5.25,4.9306192,5.443563],"to":[10.75,10.430619,7.943563],"faces":{"east":{"uv":[3.78125,7.0625,4.09375,7.75],"tintindex":0,"rotation":0,"texture":"#0"},"south":{"uv":[0.0,5.0,0.6875,5.6875],"tintindex":0,"rotation":0,"texture":"#0"},"north":{"uv":[4.8125,4.96875,5.5,5.65625],"tintindex":0,"rotation":0,"texture":"#0"},"west":{"uv":[4.09375,7.0625,4.40625,7.75],"tintindex":0,"rotation":0,"texture":"#0"},"up":{"uv":[7.71875,6.59375,7.03125,6.28125],"tintindex":0,"rotation":0,"texture":"#0"},"down":{"uv":[7.75,4.25,7.0625,4.5625],"tintindex":0,"rotation":0,"texture":"#0"}}},{"from":[7.5,25.680618,13.193563],"to":[8.5,26.680618,14.193563],"faces":{"east":{"uv":[0.5,8.59375,0.625,8.71875],"tintindex":0,"rotation":0,"texture":"#0"},"south":{"uv":[0.625,8.59375,0.75,8.71875],"tintindex":0,"rotation":0,"texture":"#0"},"north":{"uv":[8.5,8.5625,8.625,8.6875],"tintindex":0,"rotation":0,"texture":"#0"},"west":{"uv":[0.25,8.625,0.375,8.75],"tintindex":0,"rotation":0,"texture":"#0"},"up":{"uv":[0.5,8.75,0.375,8.625],"tintindex":0,"rotation":0,"texture":"#0"},"down":{"uv":[6.9375,8.625,6.8125,8.75],"tintindex":0,"rotation":0,"texture":"#0"}},"rotation":{"origin":[8.0,9.680619,29.193563],"angle":-45.0,"axis":"x"}}],"display":{"gui":{"rotation":[30,225,0]}}}