{"textures":{"0":"modelengine:entity/texture6"},"elements":[{"from":[7.5,27.161612,13.462757],"to":[8.5,28.161612,14.462757],"faces":{"east":{"uv":[7.0625,8.625,7.1875,8.75],"tintindex":0,"rotation":0,"texture":"#0"},"south":{"uv":[7.1875,8.625,7.3125,8.75],"tintindex":0,"rotation":0,"texture":"#0"},"north":{"uv":[6.9375,8.625,7.0625,8.75],"tintindex":0,"rotation":0,"texture":"#0"},"west":{"uv":[7.3125,8.625,7.4375,8.75],"tintindex":0,"rotation":0,"texture":"#0"},"up":{"uv":[7.9375,8.75,7.8125,8.625],"tintindex":0,"rotation":0,"texture":"#0"},"down":{"uv":[8.0625,8.625,7.9375,8.75],"tintindex":0,"rotation":0,"texture":"#0"}},"rotation":{"origin":[8.0,9.911612,31.462757],"angle":-45.0,"axis":"x"}},{"from":[5.75,5.6616116,5.212757],"to":[10.25,10.161612,7.712757],"faces":{"east":{"uv":[7.28125,1.53125,7.59375,2.09375],"tintindex":0,"rotation":0,"texture":"#0"},"south":{"uv":[6.1875,5.8125,6.75,6.375],"tintindex":0,"rotation":0,"texture":"#0"},"north":{"uv":[6.1875,3.59375,6.75,4.15625],"tintindex":0,"rotation":0,"texture":"#0"},"west":{"uv":[2.5,7.28125,2.8125,7.84375],"tintindex":0,"rotation":0,"texture":"#0"},"up":{"uv":[7.84375,5.9375,7.28125,5.625],"tintindex":0,"rotation":0,"texture":"#0"},"down":{"uv":[7.84375,5.9375,7.28125,6.25],"tintindex":0,"rotation":0,"texture":"#0"}}}],"display":{"gui":{"rotation":[30,225,0]}}}