{"textures":{"0":"modelengine:entity/texture6"},"elements":[{"from":[6.2965746,6.1439056,10.833334],"to":[29.296576,9.143906,13.833334],"faces":{"east":{"uv":[4.6875,8.15625,4.40625,8.4375],"tintindex":0,"rotation":0,"texture":"#0"},"south":{"uv":[4.46875,4.6875,2.3125,4.96875],"tintindex":0,"rotation":0,"texture":"#0"},"north":{"uv":[6.78125,1.90625,4.625,2.1875],"tintindex":0,"rotation":0,"texture":"#0"},"west":{"uv":[2.125,8.15625,1.84375,8.4375],"tintindex":0,"rotation":0,"texture":"#0"},"up":{"uv":[4.46875,4.96875,6.625,4.6875],"tintindex":0,"rotation":0,"texture":"#0"},"down":{"uv":[4.71875,0.0,6.875,0.28125],"tintindex":0,"rotation":0,"texture":"#0"}}},{"from":[6.553303,8.7453575,13.833334],"to":[24.886637,9.078691,18.5],"faces":{"east":{"uv":[4.0625,1.5625,3.625,1.59375],"tintindex":0,"rotation":0,"texture":"#0"},"south":{"uv":[9.3125,2.0625,7.59375,2.09375],"tintindex":0,"rotation":0,"texture":"#0"},"north":{"uv":[9.3125,2.03125,7.59375,2.0625],"tintindex":0,"rotation":0,"texture":"#0"},"west":{"uv":[4.0625,1.53125,3.625,1.5625],"tintindex":0,"rotation":0,"texture":"#0"},"up":{"uv":[1.625,3.5625,3.34375,3.125],"tintindex":0,"rotation":0,"texture":"#0"},"down":{"uv":[3.25,2.3125,4.96875,2.75],"tintindex":0,"rotation":0,"texture":"#0"}}}],"display":{"gui":{"rotation":[30,225,0]}}}