{"textures":{"0":"modelengine:entity/texture6"},"elements":[{"from":[5.5776825,8.172073,0.875556],"to":[23.577682,8.672073,7.375556],"faces":{"east":{"uv":[7.6875,6.25,7.28125,6.28125],"tintindex":0,"rotation":0,"texture":"#0"},"south":{"uv":[9.59375,2.34375,8.46875,2.375],"tintindex":0,"rotation":0,"texture":"#0"},"north":{"uv":[9.59375,2.3125,8.46875,2.34375],"tintindex":0,"rotation":0,"texture":"#0"},"west":{"uv":[7.03125,4.9375,6.625,4.96875],"tintindex":0,"rotation":0,"texture":"#0"},"up":{"uv":[0.6875,5.65625,1.8125,5.25],"tintindex":0,"rotation":0,"texture":"#0"},"down":{"uv":[1.8125,5.25,2.9375,5.65625],"tintindex":0,"rotation":0,"texture":"#0"}}},{"from":[6.4253616,6.7220726,0.44129848],"to":[26.925362,8.722073,2.4412985],"faces":{"east":{"uv":[8.78125,7.6875,8.65625,7.8125],"tintindex":0,"rotation":0,"texture":"#0"},"south":{"uv":[8.875,3.25,7.59375,3.375],"tintindex":0,"rotation":0,"texture":"#0"},"north":{"uv":[8.875,1.90625,7.59375,2.03125],"tintindex":0,"rotation":0,"texture":"#0"},"west":{"uv":[8.78125,6.9375,8.65625,7.0625],"tintindex":0,"rotation":0,"texture":"#0"},"up":{"uv":[7.59375,3.5,8.875,3.375],"tintindex":0,"rotation":0,"texture":"#0"},"down":{"uv":[7.59375,3.5,8.875,3.625],"tintindex":0,"rotation":0,"texture":"#0"}}}],"display":{"gui":{"rotation":[30,225,0]}}}