{"textures":{"0":"modelengine:entity/texture6"},"elements":[{"from":[11.510956,8.471346,5.44456],"to":[30.010956,8.971346,13.94456],"faces":{"east":{"uv":[6.03125,7.84375,5.5,7.875],"tintindex":0,"rotation":0,"texture":"#0"},"south":{"uv":[2.3125,4.9375,1.15625,4.96875],"tintindex":0,"rotation":0,"texture":"#0"},"north":{"uv":[2.3125,4.90625,1.15625,4.9375],"tintindex":0,"rotation":0,"texture":"#0"},"west":{"uv":[4.90625,7.84375,4.375,7.875],"tintindex":0,"rotation":0,"texture":"#0"},"up":{"uv":[3.25,4.15625,4.40625,3.625],"tintindex":0,"rotation":0,"texture":"#0"},"down":{"uv":[0.0,3.9375,1.15625,4.46875],"tintindex":0,"rotation":0,"texture":"#0"}}},{"from":[11.010956,7.021345,3.44456],"to":[31.510956,9.021345,5.44456],"faces":{"east":{"uv":[3.5,8.65625,3.375,8.78125],"tintindex":0,"rotation":0,"texture":"#0"},"south":{"uv":[8.78125,7.0625,7.5,7.1875],"tintindex":0,"rotation":0,"texture":"#0"},"north":{"uv":[8.71875,4.125,7.4375,4.25],"tintindex":0,"rotation":0,"texture":"#0"},"west":{"uv":[3.375,8.65625,3.25,8.78125],"tintindex":0,"rotation":0,"texture":"#0"},"up":{"uv":[7.5,7.3125,8.78125,7.1875],"tintindex":0,"rotation":0,"texture":"#0"},"down":{"uv":[7.5,7.3125,8.78125,7.4375],"tintindex":0,"rotation":0,"texture":"#0"}}}],"display":{"gui":{"rotation":[30,225,0]}}}