{"textures":{"0":"modelengine:entity/texture6"},"elements":[{"from":[12.731312,7.004917,3.5954256],"to":[30.731312,9.004917,5.5954256],"faces":{"east":{"uv":[3.75,8.65625,3.625,8.78125],"tintindex":0,"rotation":0,"texture":"#0"},"south":{"uv":[7.21875,7.8125,6.09375,7.9375],"tintindex":0,"rotation":0,"texture":"#0"},"north":{"uv":[1.125,7.8125,0.0,7.9375],"tintindex":0,"rotation":0,"texture":"#0"},"west":{"uv":[3.625,8.65625,3.5,8.78125],"tintindex":0,"rotation":0,"texture":"#0"},"up":{"uv":[7.21875,7.9375,8.34375,7.8125],"tintindex":0,"rotation":0,"texture":"#0"},"down":{"uv":[7.84375,4.875,8.96875,5.0],"tintindex":0,"rotation":0,"texture":"#0"}}},{"from":[14.131573,8.554916,4.330041],"to":[30.631573,9.054916,6.830041],"faces":{"east":{"uv":[5.15625,6.625,5.0,6.65625],"tintindex":0,"rotation":0,"texture":"#0"},"south":{"uv":[9.5,2.46875,8.46875,2.5],"tintindex":0,"rotation":0,"texture":"#0"},"north":{"uv":[9.5,2.4375,8.46875,2.46875],"tintindex":0,"rotation":0,"texture":"#0"},"west":{"uv":[0.59375,6.3125,0.4375,6.34375],"tintindex":0,"rotation":0,"texture":"#0"},"up":{"uv":[7.25,3.0,8.28125,2.84375],"tintindex":0,"rotation":0,"texture":"#0"},"down":{"uv":[7.40625,5.3125,8.4375,5.46875],"tintindex":0,"rotation":0,"texture":"#0"}},"rotation":{"origin":[7.113079,7.597492,5.0871973],"angle":0.0,"axis":"y"}}],"display":{"gui":{"rotation":[30,225,0]}}}