{"textures":{"0":"modelengine:entity/texture6"},"elements":[{"from":[8.093044,5.760087,5.1666665],"to":[25.426378,8.760087,8.166667],"faces":{"east":{"uv":[1.84375,8.15625,1.5625,8.4375],"tintindex":0,"rotation":0,"texture":"#0"},"south":{"uv":[6.59375,2.46875,4.96875,2.75],"tintindex":0,"rotation":0,"texture":"#0"},"north":{"uv":[6.59375,2.1875,4.96875,2.46875],"tintindex":0,"rotation":0,"texture":"#0"},"west":{"uv":[4.40625,8.125,4.125,8.40625],"tintindex":0,"rotation":0,"texture":"#0"},"up":{"uv":[5.0625,3.03125,6.6875,2.75],"tintindex":0,"rotation":0,"texture":"#0"},"down":{"uv":[5.0625,3.03125,6.6875,3.3125],"tintindex":0,"rotation":0,"texture":"#0"}}},{"from":[12.015373,8.520348,10.166667],"to":[24.682041,8.85368,13.833334],"faces":{"east":{"uv":[7.40625,7.53125,7.0625,7.5625],"tintindex":0,"rotation":0,"texture":"#0"},"south":{"uv":[9.625,5.5625,8.4375,5.59375],"tintindex":0,"rotation":0,"texture":"#0"},"north":{"uv":[9.46875,2.96875,8.28125,3.0],"tintindex":0,"rotation":0,"texture":"#0"},"west":{"uv":[3.28125,5.625,2.9375,5.65625],"tintindex":0,"rotation":0,"texture":"#0"},"up":{"uv":[5.5625,4.625,6.75,4.28125],"tintindex":0,"rotation":0,"texture":"#0"},"down":{"uv":[1.3125,5.65625,2.5,6.0],"tintindex":0,"rotation":0,"texture":"#0"}},"rotation":{"origin":[18.515375,13.020347,14.833334],"angle":-22.5,"axis":"y"}},{"from":[8.093044,8.426754,5.5],"to":[25.426378,8.760087,12.833334],"faces":{"east":{"uv":[9.1875,4.8125,8.5,4.84375],"tintindex":0,"rotation":0,"texture":"#0"},"south":{"uv":[9.34375,6.5625,7.71875,6.59375],"tintindex":0,"rotation":0,"texture":"#0"},"north":{"uv":[9.34375,6.53125,7.71875,6.5625],"tintindex":0,"rotation":0,"texture":"#0"},"west":{"uv":[9.15625,4.09375,8.46875,4.125],"tintindex":0,"rotation":0,"texture":"#0"},"up":{"uv":[1.625,3.125,3.25,2.4375],"tintindex":0,"rotation":0,"texture":"#0"},"down":{"uv":[3.0,1.625,4.625,2.3125],"tintindex":0,"rotation":0,"texture":"#0"}}}],"display":{"gui":{"rotation":[30,225,0]}}}