{"textures":{"0":"modelengine:entity/texture6"},"elements":[{"from":[9.917221,6.8820667,0.15849018],"to":[27.917225,8.882067,2.1584902],"faces":{"east":{"uv":[8.78125,6.8125,8.65625,6.9375],"tintindex":0,"rotation":0,"texture":"#0"},"south":{"uv":[8.96875,6.0,7.84375,6.125],"tintindex":0,"rotation":0,"texture":"#0"},"north":{"uv":[8.96875,5.875,7.84375,6.0],"tintindex":0,"rotation":0,"texture":"#0"},"west":{"uv":[8.78125,6.6875,8.65625,6.8125],"tintindex":0,"rotation":0,"texture":"#0"},"up":{"uv":[7.84375,6.25,8.96875,6.125],"tintindex":0,"rotation":0,"texture":"#0"},"down":{"uv":[2.40625,7.875,3.53125,8.0],"tintindex":0,"rotation":0,"texture":"#0"}}},{"from":[11.1702385,8.432066,1.0191259],"to":[27.670238,8.932066,3.519126],"faces":{"east":{"uv":[2.125,7.625,1.96875,7.65625],"tintindex":0,"rotation":0,"texture":"#0"},"south":{"uv":[9.5,3.6875,8.46875,3.71875],"tintindex":0,"rotation":0,"texture":"#0"},"north":{"uv":[9.5,3.65625,8.46875,3.6875],"tintindex":0,"rotation":0,"texture":"#0"},"west":{"uv":[7.40625,3.0,7.25,3.03125],"tintindex":0,"rotation":0,"texture":"#0"},"up":{"uv":[7.4375,2.40625,8.46875,2.25],"tintindex":0,"rotation":0,"texture":"#0"},"down":{"uv":[7.4375,2.40625,8.46875,2.5625],"tintindex":0,"rotation":0,"texture":"#0"}},"rotation":{"origin":[7.113079,7.597492,5.0871973],"angle":0.0,"axis":"y"}}],"display":{"gui":{"rotation":[30,225,0]}}}