{"textures":{"0":"modelengine:entity/texture6"},"elements":[{"from":[10.3405,6.844925,2.5397062],"to":[30.8405,8.844925,4.5397053],"faces":{"east":{"uv":[4.0,8.65625,3.875,8.78125],"tintindex":0,"rotation":0,"texture":"#0"},"south":{"uv":[8.8125,3.0,7.53125,3.125],"tintindex":0,"rotation":0,"texture":"#0"},"north":{"uv":[8.78125,7.4375,7.5,7.5625],"tintindex":0,"rotation":0,"texture":"#0"},"west":{"uv":[3.875,8.65625,3.75,8.78125],"tintindex":0,"rotation":0,"texture":"#0"},"up":{"uv":[7.53125,3.25,8.8125,3.125],"tintindex":0,"rotation":0,"texture":"#0"},"down":{"uv":[0.0,7.5625,1.28125,7.6875],"tintindex":0,"rotation":0,"texture":"#0"}}},{"from":[10.8405,8.294924,4.5397053],"to":[29.3405,8.794924,13.039705],"faces":{"east":{"uv":[2.78125,8.53125,2.25,8.5625],"tintindex":0,"rotation":0,"texture":"#0"},"south":{"uv":[9.625,2.15625,8.46875,2.1875],"tintindex":0,"rotation":0,"texture":"#0"},"north":{"uv":[9.625,2.125,8.46875,2.15625],"tintindex":0,"rotation":0,"texture":"#0"},"west":{"uv":[6.03125,7.875,5.5,7.90625],"tintindex":0,"rotation":0,"texture":"#0"},"up":{"uv":[3.25,4.6875,4.40625,4.15625],"tintindex":0,"rotation":0,"texture":"#0"},"down":{"uv":[1.15625,4.375,2.3125,4.90625],"tintindex":0,"rotation":0,"texture":"#0"}}}],"display":{"gui":{"rotation":[30,225,0]}}}