{"textures":{"0":"modelengine:entity/texture6"},"elements":[{"from":[7.0,8.0,15.25],"to":[9.0,10.0,17.25],"faces":{"east":{"uv":[6.625,8.78125,6.75,8.90625],"tintindex":0,"rotation":0,"texture":"#0"},"south":{"uv":[8.78125,6.6875,8.90625,6.8125],"tintindex":0,"rotation":0,"texture":"#0"},"north":{"uv":[5.875,8.78125,6.0,8.90625],"tintindex":0,"rotation":0,"texture":"#0"},"west":{"uv":[8.78125,6.8125,8.90625,6.9375],"tintindex":0,"rotation":0,"texture":"#0"},"up":{"uv":[8.90625,7.0625,8.78125,6.9375],"tintindex":0,"rotation":0,"texture":"#0"},"down":{"uv":[8.90625,7.0625,8.78125,7.1875],"tintindex":0,"rotation":0,"texture":"#0"}},"rotation":{"origin":[8.0,12.0,14.75],"angle":-45.0,"axis":"x"}},{"from":[7.0,12.0,11.25],"to":[9.0,14.0,13.25],"faces":{"east":{"uv":[3.65625,8.78125,3.78125,8.90625],"tintindex":0,"rotation":0,"texture":"#0"},"south":{"uv":[3.78125,8.78125,3.90625,8.90625],"tintindex":0,"rotation":0,"texture":"#0"},"north":{"uv":[3.53125,8.78125,3.65625,8.90625],"tintindex":0,"rotation":0,"texture":"#0"},"west":{"uv":[3.90625,8.78125,4.03125,8.90625],"tintindex":0,"rotation":0,"texture":"#0"},"up":{"uv":[4.5,8.90625,4.375,8.78125],"tintindex":0,"rotation":0,"texture":"#0"},"down":{"uv":[4.625,8.78125,4.5,8.90625],"tintindex":0,"rotation":0,"texture":"#0"}},"rotation":{"origin":[8.0,12.0,14.75],"angle":-45.0,"axis":"x"}},{"from":[5.0,5.0,8.25],"to":[11.0,11.0,21.75],"faces":{"east":{"uv":[0.4375,6.34375,1.28125,6.71875],"tintindex":0,"rotation":0,"texture":"#0"},"south":{"uv":[5.625,8.0625,6.0,8.4375],"tintindex":0,"rotation":0,"texture":"#0"},"north":{"uv":[2.9375,5.25,3.3125,5.625],"tintindex":0,"rotation":0,"texture":"#0"},"west":{"uv":[6.1875,6.375,7.03125,6.75],"tintindex":0,"rotation":0,"texture":"#0"},"up":{"uv":[5.0,7.34375,4.625,6.5],"tintindex":0,"rotation":0,"texture":"#0"},"down":{"uv":[0.375,6.53125,0.0,7.375],"tintindex":0,"rotation":0,"texture":"#0"}}}],"display":{"gui":{"rotation":[30,225,0]}}}