{"textures":{"0":"modelengine:entity/texture6"},"elements":[{"from":[7.3333335,-14.392258,6.7609506],"to":[8.666667,-13.058926,10.427618],"faces":{"east":{"uv":[4.625,2.1875,4.96875,2.3125],"tintindex":0,"rotation":0,"texture":"#0"},"south":{"uv":[5.75,8.6875,5.875,8.8125],"tintindex":0,"rotation":0,"texture":"#0"},"north":{"uv":[5.625,8.6875,5.75,8.8125],"tintindex":0,"rotation":0,"texture":"#0"},"west":{"uv":[5.53125,8.4375,5.875,8.5625],"tintindex":0,"rotation":0,"texture":"#0"},"up":{"uv":[4.96875,7.6875,4.84375,7.34375],"tintindex":0,"rotation":0,"texture":"#0"},"down":{"uv":[6.0,8.4375,5.875,8.78125],"tintindex":0,"rotation":0,"texture":"#0"}},"rotation":{"origin":[8.0,9.274407,-14.572384],"angle":-45.0,"axis":"x"}},{"from":[7.3333335,-12.39226,4.7609506],"to":[8.666667,-11.058926,6.094284],"faces":{"east":{"uv":[8.71875,3.96875,8.84375,4.09375],"tintindex":0,"rotation":0,"texture":"#0"},"south":{"uv":[8.71875,4.125,8.84375,4.25],"tintindex":0,"rotation":0,"texture":"#0"},"north":{"uv":[0.625,8.71875,0.75,8.84375],"tintindex":0,"rotation":0,"texture":"#0"},"west":{"uv":[8.71875,4.5625,8.84375,4.6875],"tintindex":0,"rotation":0,"texture":"#0"},"up":{"uv":[8.84375,4.8125,8.71875,4.6875],"tintindex":0,"rotation":0,"texture":"#0"},"down":{"uv":[7.5625,8.71875,7.4375,8.84375],"tintindex":0,"rotation":0,"texture":"#0"}},"rotation":{"origin":[8.0,9.274407,-14.572384],"angle":-45.0,"axis":"x"}},{"from":[5.6666665,4.607741,8.094284],"to":[10.333334,8.607741,17.094284],"faces":{"east":{"uv":[3.125,6.53125,3.96875,6.90625],"tintindex":0,"rotation":0,"texture":"#0"},"south":{"uv":[7.40625,4.9375,7.84375,5.3125],"tintindex":0,"rotation":0,"texture":"#0"},"north":{"uv":[4.40625,7.34375,4.84375,7.71875],"tintindex":0,"rotation":0,"texture":"#0"},"west":{"uv":[6.59375,2.1875,7.4375,2.5625],"tintindex":0,"rotation":0,"texture":"#0"},"up":{"uv":[5.3125,6.5,4.875,5.65625],"tintindex":0,"rotation":0,"texture":"#0"},"down":{"uv":[0.4375,5.6875,0.0,6.53125],"tintindex":0,"rotation":0,"texture":"#0"}}},{"from":[7.3333335,-9.058926,1.4276171],"to":[8.666667,-7.7255926,2.7609506],"faces":{"east":{"uv":[6.125,8.6875,6.25,8.8125],"tintindex":0,"rotation":0,"texture":"#0"},"south":{"uv":[6.25,8.6875,6.375,8.8125],"tintindex":0,"rotation":0,"texture":"#0"},"north":{"uv":[6.0,8.6875,6.125,8.8125],"tintindex":0,"rotation":0,"texture":"#0"},"west":{"uv":[6.375,8.6875,6.5,8.8125],"tintindex":0,"rotation":0,"texture":"#0"},"up":{"uv":[6.625,8.8125,6.5,8.6875],"tintindex":0,"rotation":0,"texture":"#0"},"down":{"uv":[8.1875,8.6875,8.0625,8.8125],"tintindex":0,"rotation":0,"texture":"#0"}},"rotation":{"origin":[8.0,9.274407,-14.572384],"angle":-45.0,"axis":"x"}},{"from":[7.3333335,-10.725594,3.094284],"to":[8.666667,-9.39226,4.427617],"faces":{"east":{"uv":[8.1875,8.6875,8.3125,8.8125],"tintindex":0,"rotation":0,"texture":"#0"},"south":{"uv":[8.3125,8.6875,8.4375,8.8125],"tintindex":0,"rotation":0,"texture":"#0"},"north":{"uv":[8.6875,8.0625,8.8125,8.1875],"tintindex":0,"rotation":0,"texture":"#0"},"west":{"uv":[8.6875,8.40625,8.8125,8.53125],"tintindex":0,"rotation":0,"texture":"#0"},"up":{"uv":[8.5625,8.8125,8.4375,8.6875],"tintindex":0,"rotation":0,"texture":"#0"},"down":{"uv":[0.625,8.71875,0.5,8.84375],"tintindex":0,"rotation":0,"texture":"#0"}},"rotation":{"origin":[8.0,9.274407,-14.572384],"angle":-45.0,"axis":"x"}}],"display":{"gui":{"rotation":[30,225,0]}}}