{"textures":{"0":"modelengine:entity/texture6"},"elements":[{"from":[7.0,-13.088388,6.141426],"to":[9.0,-11.088388,8.141426],"faces":{"east":{"uv":[0.75,8.75,0.875,8.875],"tintindex":0,"rotation":0,"texture":"#0"},"south":{"uv":[6.75,8.75,6.875,8.875],"tintindex":0,"rotation":0,"texture":"#0"},"north":{"uv":[0.375,8.75,0.5,8.875],"tintindex":0,"rotation":0,"texture":"#0"},"west":{"uv":[6.875,8.75,7.0,8.875],"tintindex":0,"rotation":0,"texture":"#0"},"up":{"uv":[7.125,8.875,7.0,8.75],"tintindex":0,"rotation":0,"texture":"#0"},"down":{"uv":[7.25,8.75,7.125,8.875],"tintindex":0,"rotation":0,"texture":"#0"}},"rotation":{"origin":[8.0,9.911612,-12.858574],"angle":-45.0,"axis":"x"}},{"from":[5.5,3.4116116,7.641426],"to":[10.5,8.411612,21.141426],"faces":{"east":{"uv":[2.3125,4.375,3.15625,4.6875],"tintindex":0,"rotation":0,"texture":"#0"},"south":{"uv":[3.1875,8.125,3.5,8.4375],"tintindex":0,"rotation":0,"texture":"#0"},"north":{"uv":[2.875,8.125,3.1875,8.4375],"tintindex":0,"rotation":0,"texture":"#0"},"west":{"uv":[6.625,4.625,7.46875,4.9375],"tintindex":0,"rotation":0,"texture":"#0"},"up":{"uv":[0.6875,7.5625,0.375,6.71875],"tintindex":0,"rotation":0,"texture":"#0"},"down":{"uv":[1.0,6.71875,0.6875,7.5625],"tintindex":0,"rotation":0,"texture":"#0"}}},{"from":[7.0,-9.088388,2.141426],"to":[9.0,-7.0883884,4.141426],"faces":{"east":{"uv":[7.6875,8.71875,7.8125,8.84375],"tintindex":0,"rotation":0,"texture":"#0"},"south":{"uv":[8.71875,8.1875,8.84375,8.3125],"tintindex":0,"rotation":0,"texture":"#0"},"north":{"uv":[7.5625,8.71875,7.6875,8.84375],"tintindex":0,"rotation":0,"texture":"#0"},"west":{"uv":[0.0,8.75,0.125,8.875],"tintindex":0,"rotation":0,"texture":"#0"},"up":{"uv":[0.25,8.875,0.125,8.75],"tintindex":0,"rotation":0,"texture":"#0"},"down":{"uv":[0.375,8.75,0.25,8.875],"tintindex":0,"rotation":0,"texture":"#0"}},"rotation":{"origin":[8.0,9.911612,-12.858574],"angle":-45.0,"axis":"x"}}],"display":{"gui":{"rotation":[30,225,0]}}}