{"textures":{"0":"modelengine:entity/texture6"},"elements":[{"from":[13.004459,7.1813374,4.687974],"to":[31.00446,9.181337,6.687974],"faces":{"east":{"uv":[2.15625,8.6875,2.28125,8.8125],"tintindex":0,"rotation":0,"texture":"#0"},"south":{"uv":[7.875,2.6875,9.0,2.8125],"tintindex":0,"rotation":0,"texture":"#0"},"north":{"uv":[7.875,2.5625,9.0,2.6875],"tintindex":0,"rotation":0,"texture":"#0"},"west":{"uv":[2.28125,8.6875,2.40625,8.8125],"tintindex":0,"rotation":0,"texture":"#0"},"up":{"uv":[4.65625,8.0,3.53125,7.875],"tintindex":0,"rotation":0,"texture":"#0"},"down":{"uv":[2.25,7.90625,1.125,8.03125],"tintindex":0,"rotation":0,"texture":"#0"}}}],"display":{"gui":{"rotation":[30,225,0]}}}