{"textures":{"0":"modelengine:entity/texture6"},"elements":[{"from":[14.452114,8.7313385,5.4096346],"to":[30.952114,9.2313385,7.9096346],"faces":{"east":{"uv":[4.84375,7.6875,5.0,7.71875],"tintindex":0,"rotation":0,"texture":"#0"},"south":{"uv":[8.46875,3.75,9.5,3.78125],"tintindex":0,"rotation":0,"texture":"#0"},"north":{"uv":[8.46875,3.71875,9.5,3.75],"tintindex":0,"rotation":0,"texture":"#0"},"west":{"uv":[3.625,7.71875,3.78125,7.75],"tintindex":0,"rotation":0,"texture":"#0"},"up":{"uv":[8.46875,3.8125,7.4375,3.65625],"tintindex":0,"rotation":0,"texture":"#0"},"down":{"uv":[8.46875,3.8125,7.4375,3.96875],"tintindex":0,"rotation":0,"texture":"#0"}},"rotation":{"origin":[7.113079,7.597492,5.0871973],"angle":0.0,"axis":"y"}}],"display":{"gui":{"rotation":[30,225,0]}}}