{"textures":{"0":"modelengine:entity/texture6"},"elements":[{"from":[-14.631573,8.554916,4.330041],"to":[1.8684273,9.054916,6.830041],"faces":{"east":{"uv":[0.4375,6.3125,0.59375,6.34375],"tintindex":0,"rotation":0,"texture":"#0"},"south":{"uv":[8.46875,2.46875,9.5,2.5],"tintindex":0,"rotation":0,"texture":"#0"},"north":{"uv":[8.46875,2.4375,9.5,2.46875],"tintindex":0,"rotation":0,"texture":"#0"},"west":{"uv":[5.0,6.625,5.15625,6.65625],"tintindex":0,"rotation":0,"texture":"#0"},"up":{"uv":[8.28125,3.0,7.25,2.84375],"tintindex":0,"rotation":0,"texture":"#0"},"down":{"uv":[8.4375,5.3125,7.40625,5.46875],"tintindex":0,"rotation":0,"texture":"#0"}},"rotation":{"origin":[8.886921,7.597492,5.0871973],"angle":0.0,"axis":"y"}},{"from":[-14.731312,7.004917,3.5954256],"to":[3.2686882,9.004917,5.5954256],"faces":{"east":{"uv":[3.5,8.65625,3.625,8.78125],"tintindex":0,"rotation":0,"texture":"#0"},"south":{"uv":[6.09375,7.8125,7.21875,7.9375],"tintindex":0,"rotation":0,"texture":"#0"},"north":{"uv":[0.0,7.8125,1.125,7.9375],"tintindex":0,"rotation":0,"texture":"#0"},"west":{"uv":[3.625,8.65625,3.75,8.78125],"tintindex":0,"rotation":0,"texture":"#0"},"up":{"uv":[8.34375,7.9375,7.21875,7.8125],"tintindex":0,"rotation":0,"texture":"#0"},"down":{"uv":[8.96875,4.875,7.84375,5.0],"tintindex":0,"rotation":0,"texture":"#0"}}}],"display":{"gui":{"rotation":[30,225,0]}}}