{"textures":{"0":"modelengine:entity/texture6"},"elements":[{"from":[11.1702385,8.432066,1.0191259],"to":[27.670238,8.932066,3.519126],"faces":{"east":{"uv":[4.5,8.0,4.65625,8.03125],"tintindex":0,"rotation":0,"texture":"#0"},"south":{"uv":[8.46875,3.9375,9.5,3.96875],"tintindex":0,"rotation":0,"texture":"#0"},"north":{"uv":[8.46875,3.90625,9.5,3.9375],"tintindex":0,"rotation":0,"texture":"#0"},"west":{"uv":[5.625,8.03125,5.78125,8.0625],"tintindex":0,"rotation":0,"texture":"#0"},"up":{"uv":[8.53125,6.90625,7.5,6.75],"tintindex":0,"rotation":0,"texture":"#0"},"down":{"uv":[8.53125,6.90625,7.5,7.0625],"tintindex":0,"rotation":0,"texture":"#0"}},"rotation":{"origin":[7.113079,7.597492,5.0871973],"angle":0.0,"axis":"y"}}],"display":{"gui":{"rotation":[30,225,0]}}}