{"textures":{"0":"modelengine:entity/texture6"},"elements":[{"from":[-14.952114,8.7313385,5.4096346],"to":[1.5478859,9.2313385,7.9096346],"faces":{"east":{"uv":[4.4375,1.59375,4.59375,1.625],"tintindex":0,"rotation":0,"texture":"#0"},"south":{"uv":[5.5625,4.65625,6.59375,4.6875],"tintindex":0,"rotation":0,"texture":"#0"},"north":{"uv":[5.5625,4.625,6.59375,4.65625],"tintindex":0,"rotation":0,"texture":"#0"},"west":{"uv":[5.3125,5.78125,5.46875,5.8125],"tintindex":0,"rotation":0,"texture":"#0"},"up":{"uv":[4.125,1.53125,3.09375,1.375],"tintindex":0,"rotation":0,"texture":"#0"},"down":{"uv":[5.75,1.125,4.71875,1.28125],"tintindex":0,"rotation":0,"texture":"#0"}},"rotation":{"origin":[8.886921,7.597492,5.0871973],"angle":0.0,"axis":"y"}},{"from":[-15.004459,7.1813374,4.687974],"to":[2.9955406,9.181337,6.687974],"faces":{"east":{"uv":[1.0625,8.65625,1.1875,8.78125],"tintindex":0,"rotation":0,"texture":"#0"},"south":{"uv":[7.75,4.25,8.875,4.375],"tintindex":0,"rotation":0,"texture":"#0"},"north":{"uv":[1.28125,7.65625,2.40625,7.78125],"tintindex":0,"rotation":0,"texture":"#0"},"west":{"uv":[1.1875,8.65625,1.3125,8.78125],"tintindex":0,"rotation":0,"texture":"#0"},"up":{"uv":[8.875,4.5,7.75,4.375],"tintindex":0,"rotation":0,"texture":"#0"},"down":{"uv":[2.40625,7.78125,1.28125,7.90625],"tintindex":0,"rotation":0,"texture":"#0"}}}],"display":{"gui":{"rotation":[30,225,0]}}}