{"textures":{"0":"modelengine:entity/texture6"},"elements":[{"from":[13.302753,8.360912,2.8518744],"to":[29.802753,8.860912,5.3518744],"faces":{"east":{"uv":[5.78125,7.90625,5.9375,7.9375],"tintindex":0,"rotation":0,"texture":"#0"},"south":{"uv":[8.46875,3.875,9.5,3.90625],"tintindex":0,"rotation":0,"texture":"#0"},"north":{"uv":[8.46875,3.84375,9.5,3.875],"tintindex":0,"rotation":0,"texture":"#0"},"west":{"uv":[5.9375,7.90625,6.09375,7.9375],"tintindex":0,"rotation":0,"texture":"#0"},"up":{"uv":[8.5,4.875,7.46875,4.71875],"tintindex":0,"rotation":0,"texture":"#0"},"down":{"uv":[8.53125,6.59375,7.5,6.75],"tintindex":0,"rotation":0,"texture":"#0"}},"rotation":{"origin":[7.113079,7.597492,5.0871973],"angle":0.0,"axis":"y"}}],"display":{"gui":{"rotation":[30,225,0]}}}