{"textures":{"0":"modelengine:entity/texture6"},"elements":[{"from":[12.731312,7.004917,3.5954256],"to":[30.731312,9.004917,5.5954256],"faces":{"east":{"uv":[2.65625,8.6875,2.78125,8.8125],"tintindex":0,"rotation":0,"texture":"#0"},"south":{"uv":[7.90625,1.375,9.03125,1.5],"tintindex":0,"rotation":0,"texture":"#0"},"north":{"uv":[7.90625,1.25,9.03125,1.375],"tintindex":0,"rotation":0,"texture":"#0"},"west":{"uv":[2.78125,8.6875,2.90625,8.8125],"tintindex":0,"rotation":0,"texture":"#0"},"up":{"uv":[5.78125,8.03125,4.65625,7.90625],"tintindex":0,"rotation":0,"texture":"#0"},"down":{"uv":[1.125,7.9375,0.0,8.0625],"tintindex":0,"rotation":0,"texture":"#0"}}}],"display":{"gui":{"rotation":[30,225,0]}}}