{"textures":{"0":"modelengine:entity/texture6"},"elements":[{"from":[11.967762,6.810913,2.0825129],"to":[29.967762,8.810913,4.082514],"faces":{"east":{"uv":[4.625,8.6875,4.75,8.8125],"tintindex":0,"rotation":0,"texture":"#0"},"south":{"uv":[6.90625,7.9375,8.03125,8.0625],"tintindex":0,"rotation":0,"texture":"#0"},"north":{"uv":[5.78125,7.9375,6.90625,8.0625],"tintindex":0,"rotation":0,"texture":"#0"},"west":{"uv":[4.75,8.6875,4.875,8.8125],"tintindex":0,"rotation":0,"texture":"#0"},"up":{"uv":[3.375,8.125,2.25,8.0],"tintindex":0,"rotation":0,"texture":"#0"},"down":{"uv":[4.5,8.0,3.375,8.125],"tintindex":0,"rotation":0,"texture":"#0"}}}],"display":{"gui":{"rotation":[30,225,0]}}}