{"textures":{"0":"modelengine:entity/texture6"},"elements":[{"from":[14.131573,8.554916,4.330041],"to":[30.631573,9.054916,6.830041],"faces":{"east":{"uv":[2.5,7.84375,2.65625,7.875],"tintindex":0,"rotation":0,"texture":"#0"},"south":{"uv":[8.46875,3.8125,9.5,3.84375],"tintindex":0,"rotation":0,"texture":"#0"},"north":{"uv":[8.46875,3.78125,9.5,3.8125],"tintindex":0,"rotation":0,"texture":"#0"},"west":{"uv":[2.65625,7.84375,2.8125,7.875],"tintindex":0,"rotation":0,"texture":"#0"},"up":{"uv":[8.46875,4.125,7.4375,3.96875],"tintindex":0,"rotation":0,"texture":"#0"},"down":{"uv":[8.5,4.5625,7.46875,4.71875],"tintindex":0,"rotation":0,"texture":"#0"}},"rotation":{"origin":[7.113079,7.597492,5.0871973],"angle":0.0,"axis":"y"}}],"display":{"gui":{"rotation":[30,225,0]}}}