{"textures":{"0":"modelengine:entity/texture6"},"elements":[{"from":[9.917221,6.8820667,0.15849018],"to":[27.917225,8.882067,2.1584902],"faces":{"east":{"uv":[5.125,8.6875,5.25,8.8125],"tintindex":0,"rotation":0,"texture":"#0"},"south":{"uv":[4.5,8.03125,5.625,8.15625],"tintindex":0,"rotation":0,"texture":"#0"},"north":{"uv":[1.125,8.03125,2.25,8.15625],"tintindex":0,"rotation":0,"texture":"#0"},"west":{"uv":[5.25,8.6875,5.375,8.8125],"tintindex":0,"rotation":0,"texture":"#0"},"up":{"uv":[9.15625,8.0625,8.03125,7.9375],"tintindex":0,"rotation":0,"texture":"#0"},"down":{"uv":[1.125,8.0625,0.0,8.1875],"tintindex":0,"rotation":0,"texture":"#0"}}}],"display":{"gui":{"rotation":[30,225,0]}}}