{"textures":{"0":"modelengine:entity/terravore_drake"},"elements":[{"from":[2.7675343,-15.600693,7.009716],"to":[13.232465,1.1431952,19.56763],"faces":{"east":{"uv":[5.375,7.125,5.75,7.625],"tintindex":0,"rotation":0,"texture":"#0"},"south":{"uv":[3.25,7.625,3.5625,8.125],"tintindex":0,"rotation":0,"texture":"#0"},"north":{"uv":[0.4375,7.625,0.75,8.125],"tintindex":0,"rotation":0,"texture":"#0"},"west":{"uv":[7.25,3.3125,7.625,3.8125],"tintindex":0,"rotation":0,"texture":"#0"},"up":{"uv":[8.25,0.375,7.9375,0.0],"tintindex":0,"rotation":0,"texture":"#0"},"down":{"uv":[7.625,7.9375,7.3125,8.3125],"tintindex":0,"rotation":0,"texture":"#0"}},"rotation":{"origin":[25.301504,17.297722,30.671074],"angle":22.5,"axis":"x"}}],"display":{"gui":{"rotation":[30,225,0]}}}