{"textures":{"0":"modelengine:entity/terravore_drake"},"elements":[{"from":[2.6628857,7.9195347,8.2939205],"to":[13.337114,20.47745,25.037807],"faces":{"east":{"uv":[7.25,6.1875,7.75,6.5625],"tintindex":0,"rotation":0,"texture":"#0"},"south":{"uv":[1.9375,8.0,2.25,8.375],"tintindex":0,"rotation":0,"texture":"#0"},"north":{"uv":[0.0,8.0,0.3125,8.375],"tintindex":0,"rotation":0,"texture":"#0"},"west":{"uv":[6.875,7.25,7.375,7.625],"tintindex":0,"rotation":0,"texture":"#0"},"up":{"uv":[3.9375,8.125,3.625,7.625],"tintindex":0,"rotation":0,"texture":"#0"},"down":{"uv":[8.0,2.8125,7.6875,3.3125],"tintindex":0,"rotation":0,"texture":"#0"}},"rotation":{"origin":[24.027592,14.426285,-7.9752254],"angle":22.5,"axis":"x"}}],"display":{"gui":{"rotation":[30,225,0]}}}