{"textures":{"0":"modelengine:entity/terravore_drake"},"elements":[{"from":[4.3721566,-4.633952,4.913394],"to":[10.651114,6.87747,13.285337],"faces":{"east":{"uv":[4.3125,2.6875,4.8125,3.375],"tintindex":0,"rotation":0,"texture":"#0"},"south":{"uv":[3.6875,6.375,4.0625,7.0625],"tintindex":0,"rotation":0,"texture":"#0"},"north":{"uv":[3.25,6.375,3.625,7.0625],"tintindex":0,"rotation":0,"texture":"#0"},"west":{"uv":[4.0,4.3125,4.5,5.0],"tintindex":0,"rotation":0,"texture":"#0"},"up":{"uv":[7.625,4.375,7.25,3.875],"tintindex":0,"rotation":0,"texture":"#0"},"down":{"uv":[7.625,5.625,7.25,6.125],"tintindex":0,"rotation":0,"texture":"#0"}},"rotation":{"origin":[15.115894,3.4716177,4.026515],"angle":-22.5,"axis":"x"}},{"from":[4.398319,-0.44797993,8.052873],"to":[4.398319,11.063442,21.657282],"faces":{"east":{"uv":[0.0,2.1875,0.8125,2.875],"tintindex":0,"rotation":0,"texture":"#0"},"west":{"uv":[0.875,2.5,1.6875,3.1875],"tintindex":0,"rotation":0,"texture":"#0"}},"rotation":{"origin":[15.115894,3.4716177,4.026515],"angle":-22.5,"axis":"x"}},{"from":[3.8489099,-5.157198,4.390147],"to":[11.174361,7.400717,13.808584],"faces":{"east":{"uv":[0.75,3.25,1.3125,4.0],"tintindex":0,"rotation":0,"texture":"#0"},"south":{"uv":[0.5625,4.8125,1.0,5.5625],"tintindex":0,"rotation":0,"texture":"#0"},"north":{"uv":[4.75,3.4375,5.1875,4.1875],"tintindex":0,"rotation":0,"texture":"#0"},"west":{"uv":[3.4375,2.1875,4.0,2.9375],"tintindex":0,"rotation":0,"texture":"#0"},"up":{"uv":[2.4375,7.0625,2.0,6.5],"tintindex":0,"rotation":0,"texture":"#0"},"down":{"uv":[7.0625,1.4375,6.625,2.0],"tintindex":0,"rotation":0,"texture":"#0"}},"rotation":{"origin":[15.115894,3.4716177,4.026515],"angle":-22.5,"axis":"x"}}],"display":{"gui":{"rotation":[30,225,0]}}}