{"textures":{"0":"modelengine:entity/terravore_drake"},"elements":[{"from":[4.019787,3.0610533,-2.1118422],"to":[12.391731,13.525984,8.353087],"faces":{"east":{"uv":[3.4375,3.5625,4.0625,4.1875],"tintindex":0,"rotation":0,"texture":"#0"},"south":{"uv":[3.875,5.0625,4.375,5.6875],"tintindex":0,"rotation":0,"texture":"#0"},"north":{"uv":[5.0625,1.125,5.5625,1.75],"tintindex":0,"rotation":0,"texture":"#0"},"west":{"uv":[0.0,3.6875,0.625,4.3125],"tintindex":0,"rotation":0,"texture":"#0"},"up":{"uv":[4.9375,5.6875,4.4375,5.0625],"tintindex":0,"rotation":0,"texture":"#0"},"down":{"uv":[5.5,5.0625,5.0,5.6875],"tintindex":0,"rotation":0,"texture":"#0"}}},{"from":[11.345238,13.525984,-5.251321],"to":[11.345238,18.758448,8.353087],"faces":{"east":{"uv":[5.875,6.375,6.6875,6.6875],"tintindex":0,"rotation":0,"texture":"#0"},"west":{"uv":[0.0,6.5,0.8125,6.8125],"tintindex":0,"rotation":0,"texture":"#0"}}},{"from":[5.0662804,13.525984,-5.251321],"to":[5.0662804,18.758448,8.353087],"faces":{"east":{"uv":[6.375,4.1875,7.1875,4.5],"tintindex":0,"rotation":0,"texture":"#0"},"west":{"uv":[6.375,5.75,7.1875,6.0625],"tintindex":0,"rotation":0,"texture":"#0"}}},{"from":[3.4965405,2.5378075,-2.635089],"to":[12.914978,14.049231,8.876333],"faces":{"east":{"uv":[2.6875,2.1875,3.375,2.875],"tintindex":0,"rotation":0,"texture":"#0"},"south":{"uv":[4.0625,1.9375,4.625,2.625],"tintindex":0,"rotation":0,"texture":"#0"},"north":{"uv":[0.6875,4.0625,1.25,4.75],"tintindex":0,"rotation":0,"texture":"#0"},"west":{"uv":[0.0,2.9375,0.6875,3.625],"tintindex":0,"rotation":0,"texture":"#0"},"up":{"uv":[4.6875,4.25,4.125,3.5625],"tintindex":0,"rotation":0,"texture":"#0"},"down":{"uv":[4.8125,0.0,4.25,0.6875],"tintindex":0,"rotation":0,"texture":"#0"}}}],"display":{"gui":{"rotation":[30,225,0]}}}