{"textures":{"0":"modelengine:entity/terravore_drake"},"elements":[{"from":[6.2198887,-4.543393,4.452134],"to":[11.4523535,6.96803,11.777586],"faces":{"east":{"uv":[1.5,5.75,1.0625,6.4375],"tintindex":0,"rotation":0,"texture":"#0"},"south":{"uv":[0.8125,6.875,0.5,7.5625],"tintindex":0,"rotation":0,"texture":"#0"},"north":{"uv":[3.1875,6.625,2.875,7.3125],"tintindex":0,"rotation":0,"texture":"#0"},"west":{"uv":[6.125,0.0,5.6875,0.6875],"tintindex":0,"rotation":0,"texture":"#0"},"up":{"uv":[2.125,4.25,2.4375,3.8125],"tintindex":0,"rotation":0,"texture":"#0"},"down":{"uv":[2.875,4.3125,3.1875,4.75],"tintindex":0,"rotation":0,"texture":"#0"}},"rotation":{"origin":[3.353819,4.9107084,19.017006],"angle":22.5,"axis":"z"}},{"from":[5.696642,-4.0201473,3.9288883],"to":[11.9756,7.491276,12.300832],"faces":{"east":{"uv":[5.1875,1.875,4.6875,2.5625],"tintindex":0,"rotation":0,"texture":"#0"},"south":{"uv":[5.8125,6.375,5.4375,7.0625],"tintindex":0,"rotation":0,"texture":"#0"},"north":{"uv":[5.375,6.375,5.0,7.0625],"tintindex":0,"rotation":0,"texture":"#0"},"west":{"uv":[5.0625,4.3125,4.5625,5.0],"tintindex":0,"rotation":0,"texture":"#0"},"up":{"uv":[2.375,7.9375,2.75,7.4375],"tintindex":0,"rotation":0,"texture":"#0"},"down":{"uv":[2.8125,7.4375,3.1875,7.9375],"tintindex":0,"rotation":0,"texture":"#0"}},"rotation":{"origin":[3.353819,4.9107084,19.017006],"angle":22.5,"axis":"z"}}],"display":{"gui":{"rotation":[30,225,0]}}}