{"textures":{"0":"modelengine:entity/terravore_drake"},"elements":[{"from":[4.8605213,2.9768867,6.488575],"to":[11.139479,13.441816,29.511425],"faces":{"east":{"uv":[7.125,1.3125,7.8125,1.625],"tintindex":0,"rotation":0,"texture":"#0"},"south":{"uv":[2.5625,5.75,2.75,6.0625],"tintindex":0,"rotation":0,"texture":"#0"},"north":{"uv":[1.0625,4.8125,1.25,5.125],"tintindex":0,"rotation":0,"texture":"#0"},"west":{"uv":[1.625,7.125,2.3125,7.4375],"tintindex":0,"rotation":0,"texture":"#0"},"up":{"uv":[4.1875,8.3125,4.0,7.625],"tintindex":0,"rotation":0,"texture":"#0"},"down":{"uv":[6.375,7.875,6.1875,8.5625],"tintindex":0,"rotation":0,"texture":"#0"}}},{"from":[5.907014,4.0233803,7.5350685],"to":[10.092986,12.395323,28.464931],"faces":{"east":{"uv":[7.125,1.6875,7.75,1.9375],"tintindex":0,"rotation":0,"texture":"#0"},"south":{"uv":[2.3125,9.125,2.4375,9.375],"tintindex":0,"rotation":0,"texture":"#0"},"north":{"uv":[3.4375,9.0625,3.5625,9.3125],"tintindex":0,"rotation":0,"texture":"#0"},"west":{"uv":[7.625,0.4375,8.25,0.6875],"tintindex":0,"rotation":0,"texture":"#0"},"up":{"uv":[5.0,8.75,4.875,8.125],"tintindex":0,"rotation":0,"texture":"#0"},"down":{"uv":[3.8125,8.1875,3.6875,8.8125],"tintindex":0,"rotation":0,"texture":"#0"}}},{"from":[8.0,12.395323,7.5350685],"to":[8.0,20.767267,28.464931],"faces":{"east":{"uv":[7.6875,3.375,8.3125,3.625],"tintindex":0,"rotation":0,"texture":"#0"},"west":{"uv":[7.6875,3.6875,8.3125,3.9375],"tintindex":0,"rotation":0,"texture":"#0"}}}],"display":{"gui":{"rotation":[30,225,0]}}}