{"textures":{"0":"modelengine:entity/terravore_drake"},"elements":[{"from":[0.6745491,-3.2592812,5.7675486],"to":[15.325451,13.484608,30.88338],"faces":{"east":{"uv":[4.25,0.75,5.0,1.25],"tintindex":0,"rotation":0,"texture":"#0"},"south":{"uv":[6.875,6.6875,7.3125,7.1875],"tintindex":0,"rotation":0,"texture":"#0"},"north":{"uv":[6.875,0.0,7.3125,0.5],"tintindex":0,"rotation":0,"texture":"#0"},"west":{"uv":[4.25,1.3125,5.0,1.8125],"tintindex":0,"rotation":0,"texture":"#0"},"up":{"uv":[3.3125,5.5625,2.875,4.8125],"tintindex":0,"rotation":0,"texture":"#0"},"down":{"uv":[3.8125,4.8125,3.375,5.5625],"tintindex":0,"rotation":0,"texture":"#0"}},"rotation":{"origin":[6.953507,6.956873,2.3317442],"angle":-22.5,"axis":"x"}},{"from":[1.7210422,-2.2127876,6.814042],"to":[14.278957,12.438114,29.836887],"faces":{"east":{"uv":[5.625,1.125,6.3125,1.5625],"tintindex":0,"rotation":0,"texture":"#0"},"south":{"uv":[4.25,7.5625,4.625,8.0],"tintindex":0,"rotation":0,"texture":"#0"},"north":{"uv":[1.9375,7.5,2.3125,7.9375],"tintindex":0,"rotation":0,"texture":"#0"},"west":{"uv":[2.8125,5.625,3.5,6.0625],"tintindex":0,"rotation":0,"texture":"#0"},"up":{"uv":[6.5625,2.8125,6.1875,2.125],"tintindex":0,"rotation":0,"texture":"#0"},"down":{"uv":[6.6875,3.4375,6.3125,4.125],"tintindex":0,"rotation":0,"texture":"#0"}},"rotation":{"origin":[8.0,6.956873,2.3317442],"angle":-22.5,"axis":"x"}}],"display":{"gui":{"rotation":[30,225,0]}}}