{"textures":{"0":"modelengine:entity/terravore_drake"},"elements":[{"from":[7.476753,-4.305868,6.096287],"to":[8.523247,-2.212881,16.561214],"faces":{"east":{"uv":[8.25,0.75,8.875,0.875],"tintindex":0,"rotation":0,"texture":"#0"},"south":{"uv":[0.75,2.9375,0.8125,3.0625],"tintindex":0,"rotation":0,"texture":"#0"},"north":{"uv":[1.125,2.1875,1.1875,2.3125],"tintindex":0,"rotation":0,"texture":"#0"},"west":{"uv":[8.25,0.9375,8.875,1.0625],"tintindex":0,"rotation":0,"texture":"#0"},"up":{"uv":[7.9375,9.1875,7.875,8.5625],"tintindex":0,"rotation":0,"texture":"#0"},"down":{"uv":[4.875,8.8125,4.8125,9.4375],"tintindex":0,"rotation":0,"texture":"#0"}},"rotation":{"origin":[8.0,6.3144455,-21.415314],"angle":-22.5,"axis":"x"}}],"display":{"gui":{"rotation":[30,225,0]}}}