{"textures":{"0":"modelengine:entity/terravore_drake"},"elements":[{"from":[5.907014,8.740318,4.4046755],"to":[10.092986,15.019278,15.916098],"faces":{"east":{"uv":[6.25,4.8125,6.9375,5.1875],"tintindex":0,"rotation":0,"texture":"#0"},"south":{"uv":[3.375,8.1875,3.625,8.5625],"tintindex":0,"rotation":0,"texture":"#0"},"north":{"uv":[3.0625,8.1875,3.3125,8.5625],"tintindex":0,"rotation":0,"texture":"#0"},"west":{"uv":[6.375,1.0,7.0625,1.375],"tintindex":0,"rotation":0,"texture":"#0"},"up":{"uv":[7.6875,7.875,7.4375,7.1875],"tintindex":0,"rotation":0,"texture":"#0"},"down":{"uv":[1.875,7.5,1.625,8.1875],"tintindex":0,"rotation":0,"texture":"#0"}},"rotation":{"origin":[8.0,3.746091,-3.6464472],"angle":22.5,"axis":"x"}},{"from":[8.0,15.019278,4.4046755],"to":[8.0,20.251741,15.916098],"faces":{"east":{"uv":[7.0,2.0625,7.6875,2.375],"tintindex":0,"rotation":0,"texture":"#0"},"west":{"uv":[7.0,2.4375,7.6875,2.75],"tintindex":0,"rotation":0,"texture":"#0"}},"rotation":{"origin":[8.0,3.746091,-3.6464472],"angle":22.5,"axis":"x"}},{"from":[5.3837676,8.217072,3.8814287],"to":[10.616232,15.542522,16.439344],"faces":{"east":{"uv":[4.875,0.0,5.625,0.4375],"tintindex":0,"rotation":0,"texture":"#0"},"south":{"uv":[7.875,1.25,8.1875,1.6875],"tintindex":0,"rotation":0,"texture":"#0"},"north":{"uv":[7.875,0.75,8.1875,1.1875],"tintindex":0,"rotation":0,"texture":"#0"},"west":{"uv":[1.875,4.875,2.625,5.3125],"tintindex":0,"rotation":0,"texture":"#0"},"up":{"uv":[6.9375,2.8125,6.625,2.0625],"tintindex":0,"rotation":0,"texture":"#0"},"down":{"uv":[2.8125,6.625,2.5,7.375],"tintindex":0,"rotation":0,"texture":"#0"}},"rotation":{"origin":[8.523247,3.746091,-3.6464472],"angle":22.5,"axis":"x"}}],"display":{"gui":{"rotation":[30,225,0]}}}