{"textures":{"0":"modelengine:entity/terravore_drake"},"elements":[{"from":[0.092672825,11.161137,-5.282955],"to":[16.836561,29.998013,13.553921],"faces":{"east":{"uv":[4.875,2.625,5.4375,3.1875],"tintindex":0,"rotation":0,"texture":"#0"},"south":{"uv":[5.25,5.75,5.75,6.3125],"tintindex":0,"rotation":0,"texture":"#0"},"north":{"uv":[4.6875,5.75,5.1875,6.3125],"tintindex":0,"rotation":0,"texture":"#0"},"west":{"uv":[5.0625,0.5,5.625,1.0625],"tintindex":0,"rotation":0,"texture":"#0"},"up":{"uv":[6.3125,4.75,5.8125,4.1875],"tintindex":0,"rotation":0,"texture":"#0"},"down":{"uv":[6.3125,5.75,5.8125,6.3125],"tintindex":0,"rotation":0,"texture":"#0"}},"rotation":{"origin":[7.418124,-0.6209583,40.46206],"angle":-22.5,"axis":"x"}},{"from":[1.1391664,12.20763,-2.1434746],"to":[15.790068,28.951519,14.600414],"faces":{"east":{"uv":[0.875,6.5,1.375,7.0],"tintindex":0,"rotation":0,"texture":"#0"},"south":{"uv":[6.75,6.125,7.1875,6.625],"tintindex":0,"rotation":0,"texture":"#0"},"north":{"uv":[5.875,6.75,6.3125,7.25],"tintindex":0,"rotation":0,"texture":"#0"},"west":{"uv":[1.4375,6.5,1.9375,7.0],"tintindex":0,"rotation":0,"texture":"#0"},"up":{"uv":[6.8125,7.25,6.375,6.75],"tintindex":0,"rotation":0,"texture":"#0"},"down":{"uv":[0.4375,6.875,0.0,7.375],"tintindex":0,"rotation":0,"texture":"#0"}},"rotation":{"origin":[8.464617,-0.6209583,40.46206],"angle":-22.5,"axis":"x"}}],"display":{"gui":{"rotation":[30,225,0]}}}