{"textures":{"0":"modelengine:entity/celestial_thunderlord"},"elements":[{"from":[15.854,7.460337,-8.90744],"to":[15.854,16.700338,3.1045575],"faces":{"east":{"uv":[7.125,2.03125,6.71875,2.34375],"tintindex":0,"rotation":0,"texture":"#0"},"west":{"uv":[6.71875,2.03125,7.125,2.34375],"tintindex":0,"rotation":0,"texture":"#0"}},"rotation":{"origin":[11.234,10.694339,-2.4394426],"angle":-45.0,"axis":"x"}},{"from":[-0.31599998,-5.242671,-4.3851166],"to":[16.316,10.46533,11.322884],"faces":{"east":{"uv":[5.1875,5.03125,5.71875,5.5625],"tintindex":0,"rotation":0,"texture":"#0"},"south":{"uv":[4.78125,3.4375,5.34375,3.96875],"tintindex":0,"rotation":0,"texture":"#0"},"north":{"uv":[2.8125,4.75,3.375,5.28125],"tintindex":0,"rotation":0,"texture":"#0"},"west":{"uv":[3.9375,5.21875,4.46875,5.75],"tintindex":0,"rotation":0,"texture":"#0"},"up":{"uv":[5.53125,2.1875,4.96875,1.65625],"tintindex":0,"rotation":0,"texture":"#0"},"down":{"uv":[5.53125,2.21875,4.96875,2.75],"tintindex":0,"rotation":0,"texture":"#0"}},"rotation":{"origin":[8.462,3.9973297,3.9308834],"angle":-45.0,"axis":"x"}},{"from":[0.14599991,-4.780672,-3.9231167],"to":[15.854,10.003329,10.860884],"faces":{"east":{"uv":[5.40625,3.96875,5.90625,4.46875],"tintindex":0,"rotation":0,"texture":"#0"},"south":{"uv":[2.125,5.28125,2.65625,5.78125],"tintindex":0,"rotation":0,"texture":"#0"},"north":{"uv":[2.125,5.28125,2.65625,5.78125],"tintindex":0,"rotation":0,"texture":"#0"},"west":{"uv":[5.40625,4.5,5.90625,5.0],"tintindex":0,"rotation":0,"texture":"#0"},"up":{"uv":[3.78125,5.8125,3.25,5.3125],"tintindex":0,"rotation":0,"texture":"#0"},"down":{"uv":[3.78125,5.8125,3.25,5.3125],"tintindex":0,"rotation":0,"texture":"#0"}},"rotation":{"origin":[8.0,3.9973297,3.9308834],"angle":-45.0,"axis":"x"}},{"from":[0.14599991,7.460337,-8.90744],"to":[0.14599991,16.700338,3.1045575],"faces":{"east":{"uv":[7.125,2.03125,6.71875,2.34375],"tintindex":0,"rotation":0,"texture":"#0"},"west":{"uv":[6.71875,2.03125,7.125,2.34375],"tintindex":0,"rotation":0,"texture":"#0"}},"rotation":{"origin":[4.766,10.694339,-2.4394426],"angle":-45.0,"axis":"x"}}],"display":{"gui":{"rotation":[30,225,0]}}}