{"textures":{"2":"modelengine:entity/thunderclaw"},"elements":[{"from":[7.9782777,15.51359,0.8588743],"to":[7.9782777,28.547138,8.679003],"faces":{"east":{"uv":[2.5,0.0,4.75,3.75],"tintindex":0,"rotation":0,"texture":"#2"},"west":{"uv":[4.75,0.0,2.5,3.75],"tintindex":0,"rotation":0,"texture":"#2"}},"rotation":{"origin":[8.0,17.824013,6.151355],"angle":22.5,"axis":"x"}},{"from":[8.021723,15.51359,0.8588743],"to":[8.021723,28.547138,8.679003],"faces":{"east":{"uv":[2.5,0.0,4.75,3.75],"tintindex":0,"rotation":0,"texture":"#2"},"west":{"uv":[4.75,0.0,2.5,3.75],"tintindex":0,"rotation":0,"texture":"#2"}},"rotation":{"origin":[8.0,17.824013,6.151355],"angle":22.5,"axis":"x"}},{"from":[8.0,7.789833,0.24446726],"to":[8.0,19.95448,8.064596],"faces":{"east":{"uv":[2.5,4.0,4.75,7.5],"tintindex":0,"rotation":0,"texture":"#2"},"west":{"uv":[4.75,4.0,2.5,7.5],"tintindex":0,"rotation":0,"texture":"#2"}},"rotation":{"origin":[8.0,17.824013,6.151355],"angle":-22.5,"axis":"x"}}],"display":{"gui":{"rotation":[30,225,0]}}}