{"textures":{"0":"modelengine:entity/celestial_thunderlord"},"elements":[{"from":[-0.8463106,-9.754618,1.8324823],"to":[10.24169,9.649384,17.078482],"faces":{"east":{"uv":[6.46875,6.5625,6.8125,7.0],"tintindex":0,"rotation":0,"texture":"#0"},"south":{"uv":[3.78125,7.03125,4.03125,7.46875],"tintindex":0,"rotation":0,"texture":"#0"},"north":{"uv":[3.5,7.03125,3.75,7.46875],"tintindex":0,"rotation":0,"texture":"#0"},"west":{"uv":[6.59375,2.53125,6.9375,2.96875],"tintindex":0,"rotation":0,"texture":"#0"},"up":{"uv":[2.8125,7.65625,2.5625,7.3125],"tintindex":0,"rotation":0,"texture":"#0"},"down":{"uv":[2.8125,7.65625,2.5625,7.3125],"tintindex":0,"rotation":0,"texture":"#0"}},"rotation":{"origin":[4.69769,0.64038277,7.376482],"angle":-22.5,"axis":"z"}},{"from":[-0.15330982,-9.061619,2.5254831],"to":[9.54869,8.956383,16.385483],"faces":{"east":{"uv":[0.9375,6.65625,1.25,7.0625],"tintindex":0,"rotation":0,"texture":"#0"},"south":{"uv":[4.90625,5.6875,5.125,6.09375],"tintindex":0,"rotation":0,"texture":"#0"},"north":{"uv":[4.90625,5.6875,5.125,6.09375],"tintindex":0,"rotation":0,"texture":"#0"},"west":{"uv":[0.9375,6.65625,1.25,7.0625],"tintindex":0,"rotation":0,"texture":"#0"},"up":{"uv":[7.78125,1.03125,7.5625,1.34375],"tintindex":0,"rotation":0,"texture":"#0"},"down":{"uv":[7.78125,1.03125,7.5625,1.34375],"tintindex":0,"rotation":0,"texture":"#0"}},"rotation":{"origin":[4.69769,0.64038277,7.376482],"angle":-22.5,"axis":"z"}}],"display":{"gui":{"rotation":[30,225,0]}}}