{"textures":{"0":"modelengine:entity/celestial_thunderlord"},"elements":[{"from":[10.194246,-4.2219563,5.2280006],"to":[15.738246,9.638042,10.772003],"faces":{"east":{"uv":[3.40625,4.34375,3.46875,4.5],"tintindex":0,"rotation":0,"texture":"#0"},"south":{"uv":[0.3125,6.375,0.375,6.53125],"tintindex":0,"rotation":0,"texture":"#0"},"north":{"uv":[3.40625,7.3125,3.46875,7.46875],"tintindex":0,"rotation":0,"texture":"#0"},"west":{"uv":[6.71875,0.71875,6.78125,0.875],"tintindex":0,"rotation":0,"texture":"#0"},"up":{"uv":[4.125,5.1875,4.0625,5.125],"tintindex":0,"rotation":90,"texture":"#0"},"down":{"uv":[0.375,6.5625,0.3125,6.625],"tintindex":0,"rotation":270,"texture":"#0"}},"rotation":{"origin":[11.0,-3.0,8.0],"angle":22.5,"axis":"z"}},{"from":[7.209799,-15.955994,8.0],"to":[15.525798,-2.095994,8.0],"faces":{"south":{"uv":[1.15625,7.40625,1.0625,7.5625],"tintindex":0,"rotation":0,"texture":"#0"},"north":{"uv":[1.0625,7.40625,1.15625,7.5625],"tintindex":0,"rotation":0,"texture":"#0"}}}],"display":{"gui":{"rotation":[30,225,0]}}}