{"textures":{"0":"modelengine:entity/celestial_thunderlord"},"elements":[{"from":[1.5862846,-4.2990236,1.2113323],"to":[9.902285,9.560976,10.913333],"faces":{"east":{"uv":[4.4375,7.59375,4.65625,7.90625],"tintindex":0,"rotation":0,"texture":"#0"},"south":{"uv":[0.84375,7.78125,1.03125,8.09375],"tintindex":0,"rotation":0,"texture":"#0"},"north":{"uv":[0.84375,7.78125,1.03125,8.09375],"tintindex":0,"rotation":0,"texture":"#0"},"west":{"uv":[4.4375,7.59375,4.65625,7.90625],"tintindex":0,"rotation":0,"texture":"#0"},"up":{"uv":[2.125,8.28125,1.9375,8.0625],"tintindex":0,"rotation":0,"texture":"#0"},"down":{"uv":[2.125,8.28125,1.9375,8.0625],"tintindex":0,"rotation":0,"texture":"#0"}},"rotation":{"origin":[7.4767847,4.0169764,4.6763325],"angle":22.5,"axis":"x"}},{"from":[0.89328575,-4.9920235,0.51833344],"to":[10.595284,10.253977,11.606333],"faces":{"east":{"uv":[3.125,7.3125,3.375,7.65625],"tintindex":0,"rotation":0,"texture":"#0"},"south":{"uv":[5.78125,7.5,6.0,7.84375],"tintindex":0,"rotation":0,"texture":"#0"},"north":{"uv":[3.75,7.5,3.96875,7.84375],"tintindex":0,"rotation":0,"texture":"#0"},"west":{"uv":[7.34375,7.0625,7.59375,7.40625],"tintindex":0,"rotation":0,"texture":"#0"},"up":{"uv":[7.65625,8.0625,7.4375,7.8125],"tintindex":0,"rotation":0,"texture":"#0"},"down":{"uv":[7.65625,8.0625,7.4375,7.8125],"tintindex":0,"rotation":0,"texture":"#0"}},"rotation":{"origin":[7.4767847,4.0169764,4.6763325],"angle":22.5,"axis":"x"}}],"display":{"gui":{"rotation":[30,225,0]}}}