{"textures":{"0":"modelengine:entity/celestial_thunderlord"},"elements":[{"from":[0.0059742928,8.001155,2.0159311],"to":[8.321975,8.001155,31.121931],"faces":{"up":{"uv":[0.5625,5.75,0.0,3.78125],"tintindex":0,"rotation":0,"texture":"#0"},"down":{"uv":[0.5625,3.78125,0.0,5.75],"tintindex":0,"rotation":0,"texture":"#0"}}},{"from":[0.58392763,7.550705,5.6920795],"to":[8.437927,8.012704,7.5400796],"faces":{"east":{"uv":[4.5,5.625,4.625,5.65625],"tintindex":0,"rotation":0,"texture":"#0"},"south":{"uv":[8.3125,7.03125,8.84375,7.0625],"tintindex":0,"rotation":0,"texture":"#0"},"north":{"uv":[8.3125,6.96875,8.84375,7.0],"tintindex":0,"rotation":0,"texture":"#0"},"west":{"uv":[6.5,3.90625,6.625,3.9375],"tintindex":0,"rotation":0,"texture":"#0"},"up":{"uv":[8.03125,2.75,7.5,2.625],"tintindex":0,"rotation":0,"texture":"#0"},"down":{"uv":[8.03125,2.625,7.5,2.75],"tintindex":0,"rotation":0,"texture":"#0"}},"rotation":{"origin":[5.665927,8.012704,6.8470793],"angle":-22.5,"axis":"y"}}],"display":{"gui":{"rotation":[30,225,0]}}}