{"textures":{"0":"modelengine:entity/celestial_thunderlord"},"elements":[{"from":[4.5208645,-11.451958,-5.768709],"to":[14.222864,9.338043,12.24929],"faces":{"east":{"uv":[1.625,6.0625,2.03125,6.53125],"tintindex":0,"rotation":0,"texture":"#0"},"south":{"uv":[7.21875,0.0,7.4375,0.46875],"tintindex":0,"rotation":0,"texture":"#0"},"north":{"uv":[7.21875,0.0,7.4375,0.46875],"tintindex":0,"rotation":0,"texture":"#0"},"west":{"uv":[1.625,6.0625,2.03125,6.53125],"tintindex":0,"rotation":0,"texture":"#0"},"up":{"uv":[7.46875,4.21875,7.25,3.8125],"tintindex":0,"rotation":0,"texture":"#0"},"down":{"uv":[7.46875,4.21875,7.25,3.8125],"tintindex":0,"rotation":0,"texture":"#0"}},"rotation":{"origin":[7.9858637,-3.8289566,4.6262913],"angle":22.5,"axis":"x"}},{"from":[3.8278637,-12.144957,-6.461708],"to":[14.915864,10.031044,12.942291],"faces":{"east":{"uv":[5.1875,5.59375,5.625,6.09375],"tintindex":0,"rotation":0,"texture":"#0"},"south":{"uv":[6.875,3.0,7.125,3.5],"tintindex":0,"rotation":0,"texture":"#0"},"north":{"uv":[6.84375,6.53125,7.09375,7.03125],"tintindex":0,"rotation":0,"texture":"#0"},"west":{"uv":[5.65625,5.59375,6.09375,6.09375],"tintindex":0,"rotation":0,"texture":"#0"},"up":{"uv":[6.625,7.46875,6.375,7.03125],"tintindex":0,"rotation":0,"texture":"#0"},"down":{"uv":[6.90625,7.0625,6.65625,7.5],"tintindex":0,"rotation":0,"texture":"#0"}},"rotation":{"origin":[7.9858637,-3.8289566,4.6262913],"angle":22.5,"axis":"x"}}],"display":{"gui":{"rotation":[30,225,0]}}}