{"textures":{"0":"modelengine:entity/celestial_thunderlord"},"elements":[{"from":[16.319057,12.132469,-9.104481],"to":[16.319057,24.606468,10.299519],"faces":{"east":{"uv":[0.3125,6.9375,0.75,7.21875],"tintindex":0,"rotation":0,"texture":"#0"},"west":{"uv":[1.28125,6.9375,1.71875,7.21875],"tintindex":0,"rotation":0,"texture":"#0"}},"rotation":{"origin":[8.0030575,4.509468,2.6765175],"angle":-22.5,"axis":"x"}},{"from":[-1.6989422,-3.113531,-9.104481],"to":[17.705057,12.132469,10.299519],"faces":{"east":{"uv":[6.46875,5.71875,6.90625,6.0625],"tintindex":0,"rotation":0,"texture":"#0"},"south":{"uv":[6.40625,4.40625,6.84375,4.75],"tintindex":0,"rotation":0,"texture":"#0"},"north":{"uv":[6.40625,4.40625,6.84375,4.75],"tintindex":0,"rotation":0,"texture":"#0"},"west":{"uv":[6.46875,5.71875,6.90625,6.0625],"tintindex":0,"rotation":0,"texture":"#0"},"up":{"uv":[6.375,4.40625,5.9375,3.96875],"tintindex":0,"rotation":0,"texture":"#0"},"down":{"uv":[6.375,4.40625,5.9375,3.96875],"tintindex":0,"rotation":0,"texture":"#0"}},"rotation":{"origin":[8.0030575,4.509468,2.6765175],"angle":-22.5,"axis":"x"}},{"from":[-2.391943,-3.806532,-9.797482],"to":[18.398058,12.825466,10.992517],"faces":{"east":{"uv":[2.0625,6.25,2.53125,6.625],"tintindex":0,"rotation":0,"texture":"#0"},"south":{"uv":[0.40625,6.25,0.875,6.625],"tintindex":0,"rotation":0,"texture":"#0"},"north":{"uv":[0.40625,6.25,0.875,6.625],"tintindex":0,"rotation":0,"texture":"#0"},"west":{"uv":[3.0625,6.25,3.53125,6.625],"tintindex":0,"rotation":0,"texture":"#0"},"up":{"uv":[2.09375,6.03125,1.625,5.5625],"tintindex":0,"rotation":0,"texture":"#0"},"down":{"uv":[6.03125,2.65625,5.5625,3.125],"tintindex":0,"rotation":0,"texture":"#0"}},"rotation":{"origin":[8.696057,4.509468,2.6765175],"angle":-22.5,"axis":"x"}},{"from":[-1.6989422,12.132469,-9.104481],"to":[-1.6989422,24.606468,10.299519],"faces":{"east":{"uv":[0.3125,6.9375,0.75,7.21875],"tintindex":0,"rotation":0,"texture":"#0"},"west":{"uv":[1.28125,6.9375,1.71875,7.21875],"tintindex":0,"rotation":0,"texture":"#0"}},"rotation":{"origin":[8.0030575,4.509468,2.6765175],"angle":-22.5,"axis":"x"}}],"display":{"gui":{"rotation":[30,225,0]}}}