{"textures":{"0":"modelengine:entity/celestial_thunderlord"},"elements":[{"from":[6.45131,-9.061619,1.1394835],"to":[16.153309,8.956383,14.999483],"faces":{"east":{"uv":[1.25,6.65625,0.9375,7.0625],"tintindex":0,"rotation":0,"texture":"#0"},"south":{"uv":[5.125,5.6875,4.90625,6.09375],"tintindex":0,"rotation":0,"texture":"#0"},"north":{"uv":[5.125,5.6875,4.90625,6.09375],"tintindex":0,"rotation":0,"texture":"#0"},"west":{"uv":[1.25,6.65625,0.9375,7.0625],"tintindex":0,"rotation":0,"texture":"#0"},"up":{"uv":[7.5625,1.03125,7.78125,1.34375],"tintindex":0,"rotation":0,"texture":"#0"},"down":{"uv":[7.5625,1.03125,7.78125,1.34375],"tintindex":0,"rotation":0,"texture":"#0"}},"rotation":{"origin":[11.30231,0.64038277,5.9904823],"angle":22.5,"axis":"z"}},{"from":[5.7583103,-9.754618,0.44648266],"to":[16.84631,9.649384,15.692482],"faces":{"east":{"uv":[6.9375,2.53125,6.59375,2.96875],"tintindex":0,"rotation":0,"texture":"#0"},"south":{"uv":[4.03125,7.03125,3.78125,7.46875],"tintindex":0,"rotation":0,"texture":"#0"},"north":{"uv":[3.75,7.03125,3.5,7.46875],"tintindex":0,"rotation":0,"texture":"#0"},"west":{"uv":[6.8125,6.5625,6.46875,7.0],"tintindex":0,"rotation":0,"texture":"#0"},"up":{"uv":[2.5625,7.65625,2.8125,7.3125],"tintindex":0,"rotation":0,"texture":"#0"},"down":{"uv":[2.5625,7.65625,2.8125,7.3125],"tintindex":0,"rotation":0,"texture":"#0"}},"rotation":{"origin":[11.30231,0.64038277,5.9904823],"angle":22.5,"axis":"z"}}],"display":{"gui":{"rotation":[30,225,0]}}}