{"textures":{"0":"modelengine:entity/celestial_thunderlord"},"elements":[{"from":[4.2371016,-4.477997,8.0],"to":[8.395102,2.452003,8.0],"faces":{"south":{"uv":[1.0625,7.40625,1.15625,7.5625],"tintindex":0,"rotation":0,"texture":"#0"},"north":{"uv":[1.15625,7.40625,1.0625,7.5625],"tintindex":0,"rotation":0,"texture":"#0"}}},{"from":[4.1308775,1.3890219,6.6140003],"to":[6.902877,8.319021,9.386],"faces":{"east":{"uv":[6.78125,0.71875,6.71875,0.875],"tintindex":0,"rotation":0,"texture":"#0"},"south":{"uv":[0.375,6.375,0.3125,6.53125],"tintindex":0,"rotation":0,"texture":"#0"},"north":{"uv":[3.46875,7.3125,3.40625,7.46875],"tintindex":0,"rotation":0,"texture":"#0"},"west":{"uv":[3.46875,4.34375,3.40625,4.5],"tintindex":0,"rotation":0,"texture":"#0"},"up":{"uv":[4.125,5.125,4.0625,5.1875],"tintindex":0,"rotation":90,"texture":"#0"},"down":{"uv":[0.375,6.625,0.3125,6.5625],"tintindex":0,"rotation":270,"texture":"#0"}},"rotation":{"origin":[6.5,2.0,8.0],"angle":-22.5,"axis":"z"}}],"display":{"gui":{"rotation":[30,225,0]}}}