{"textures":{"0":"modelengine:entity/celestial_thunderlord"},"elements":[{"from":[4.505877,1.6390219,6.6140003],"to":[7.277877,8.569021,9.386002],"faces":{"east":{"uv":[6.78125,0.71875,6.71875,0.875],"tintindex":0,"rotation":0,"texture":"#0"},"south":{"uv":[0.375,6.375,0.3125,6.53125],"tintindex":0,"rotation":0,"texture":"#0"},"north":{"uv":[3.46875,7.3125,3.40625,7.46875],"tintindex":0,"rotation":0,"texture":"#0"},"west":{"uv":[3.46875,4.34375,3.40625,4.5],"tintindex":0,"rotation":0,"texture":"#0"},"up":{"uv":[4.125,5.125,4.0625,5.1875],"tintindex":0,"rotation":90,"texture":"#0"},"down":{"uv":[0.375,6.625,0.3125,6.5625],"tintindex":0,"rotation":270,"texture":"#0"}},"rotation":{"origin":[6.875,2.25,8.0],"angle":-22.5,"axis":"z"}},{"from":[4.612101,-4.227997,8.0],"to":[8.770101,2.702003,8.0],"faces":{"south":{"uv":[1.0625,7.40625,1.15625,7.5625],"tintindex":0,"rotation":0,"texture":"#0"},"north":{"uv":[1.15625,7.40625,1.0625,7.5625],"tintindex":0,"rotation":0,"texture":"#0"}}}],"display":{"gui":{"rotation":[30,225,0]}}}