{"textures":{"0":"modelengine:entity/celestial_thunderlord"},"elements":[{"from":[3.1631365,-11.451958,-4.3827095],"to":[12.865136,9.338043,13.63529],"faces":{"east":{"uv":[2.03125,6.0625,1.625,6.53125],"tintindex":0,"rotation":0,"texture":"#0"},"south":{"uv":[7.4375,0.0,7.21875,0.46875],"tintindex":0,"rotation":0,"texture":"#0"},"north":{"uv":[7.4375,0.0,7.21875,0.46875],"tintindex":0,"rotation":0,"texture":"#0"},"west":{"uv":[2.03125,6.0625,1.625,6.53125],"tintindex":0,"rotation":0,"texture":"#0"},"up":{"uv":[7.25,4.21875,7.46875,3.8125],"tintindex":0,"rotation":0,"texture":"#0"},"down":{"uv":[7.25,4.21875,7.46875,3.8125],"tintindex":0,"rotation":0,"texture":"#0"}},"rotation":{"origin":[9.400137,-3.8289566,6.012291],"angle":22.5,"axis":"x"}},{"from":[2.4701366,-12.144957,-5.0757084],"to":[13.558137,10.031044,14.328291],"faces":{"east":{"uv":[6.09375,5.59375,5.65625,6.09375],"tintindex":0,"rotation":0,"texture":"#0"},"south":{"uv":[7.125,3.0,6.875,3.5],"tintindex":0,"rotation":0,"texture":"#0"},"north":{"uv":[7.09375,6.53125,6.84375,7.03125],"tintindex":0,"rotation":0,"texture":"#0"},"west":{"uv":[5.625,5.59375,5.1875,6.09375],"tintindex":0,"rotation":0,"texture":"#0"},"up":{"uv":[6.375,7.46875,6.625,7.03125],"tintindex":0,"rotation":0,"texture":"#0"},"down":{"uv":[6.65625,7.0625,6.90625,7.5],"tintindex":0,"rotation":0,"texture":"#0"}},"rotation":{"origin":[9.400137,-3.8289566,6.012291],"angle":22.5,"axis":"x"}}],"display":{"gui":{"rotation":[30,225,0]}}}