{"textures":{"0":"modelengine:entity/celestial_thunderlord"},"elements":[{"from":[3.0546274,-5.043317,6.5044613],"to":[12.756628,8.816683,17.59246],"faces":{"east":{"uv":[7.71875,0.0,7.46875,0.3125],"tintindex":0,"rotation":0,"texture":"#0"},"south":{"uv":[1.28125,7.625,1.0625,7.9375],"tintindex":0,"rotation":0,"texture":"#0"},"north":{"uv":[5.6875,7.59375,5.46875,7.90625],"tintindex":0,"rotation":0,"texture":"#0"},"west":{"uv":[0.25,7.46875,0.0,7.78125],"tintindex":0,"rotation":0,"texture":"#0"},"up":{"uv":[7.8125,4.4375,8.03125,4.1875],"tintindex":0,"rotation":0,"texture":"#0"},"down":{"uv":[7.8125,6.0,8.03125,6.25],"tintindex":0,"rotation":0,"texture":"#0"}},"rotation":{"origin":[9.291627,3.965683,10.66246],"angle":-45.0,"axis":"x"}},{"from":[2.3616276,-5.7363176,5.8114605],"to":[13.449627,9.509684,18.28546],"faces":{"east":{"uv":[1.46875,7.25,1.1875,7.59375],"tintindex":0,"rotation":0,"texture":"#0"},"south":{"uv":[1.03125,7.40625,0.78125,7.75],"tintindex":0,"rotation":0,"texture":"#0"},"north":{"uv":[7.1875,7.375,6.9375,7.71875],"tintindex":0,"rotation":0,"texture":"#0"},"west":{"uv":[7.53125,1.03125,7.25,1.375],"tintindex":0,"rotation":0,"texture":"#0"},"up":{"uv":[6.375,7.78125,6.625,7.5],"tintindex":0,"rotation":0,"texture":"#0"},"down":{"uv":[7.53125,6.53125,7.78125,6.8125],"tintindex":0,"rotation":0,"texture":"#0"}},"rotation":{"origin":[9.291627,3.965683,10.66246],"angle":-45.0,"axis":"x"}}],"display":{"gui":{"rotation":[30,225,0]}}}