{"textures":{"0":"modelengine:entity/celestial_thunderlord"},"elements":[{"from":[4.413725,-3.5692902,3.571722],"to":[12.729726,7.51871,11.887722],"faces":{"east":{"uv":[1.25,7.96875,1.0625,8.21875],"tintindex":0,"rotation":0,"texture":"#0"},"south":{"uv":[6.09375,7.9375,5.90625,8.1875],"tintindex":0,"rotation":0,"texture":"#0"},"north":{"uv":[6.09375,7.9375,5.90625,8.1875],"tintindex":0,"rotation":0,"texture":"#0"},"west":{"uv":[1.25,7.96875,1.0625,8.21875],"tintindex":0,"rotation":0,"texture":"#0"},"up":{"uv":[8.09375,2.46875,8.28125,2.28125],"tintindex":0,"rotation":0,"texture":"#0"},"down":{"uv":[8.09375,2.46875,8.28125,2.28125],"tintindex":0,"rotation":0,"texture":"#0"}}},{"from":[3.720725,-4.26229,2.8787231],"to":[13.422725,8.21171,12.580723],"faces":{"east":{"uv":[7.90625,7.78125,7.6875,8.0625],"tintindex":0,"rotation":0,"texture":"#0"},"south":{"uv":[3.5,7.78125,3.28125,8.0625],"tintindex":0,"rotation":0,"texture":"#0"},"north":{"uv":[7.125,7.75,6.90625,8.03125],"tintindex":0,"rotation":0,"texture":"#0"},"west":{"uv":[0.8125,7.78125,0.59375,8.0625],"tintindex":0,"rotation":0,"texture":"#0"},"up":{"uv":[4.40625,8.15625,4.625,7.9375],"tintindex":0,"rotation":0,"texture":"#0"},"down":{"uv":[4.40625,8.15625,4.625,7.9375],"tintindex":0,"rotation":0,"texture":"#0"}}}],"display":{"gui":{"rotation":[30,225,0]}}}