{"textures":{"0":"modelengine:entity/celestial_thunderlord"},"elements":[{"from":[3.1490002,2.3155289,7.1823654],"to":[12.851,10.631529,26.586365],"faces":{"east":{"uv":[3.6875,1.78125,4.125,1.96875],"tintindex":0,"rotation":0,"texture":"#0"},"south":{"uv":[5.875,6.125,6.09375,6.3125],"tintindex":0,"rotation":0,"texture":"#0"},"north":{"uv":[5.875,6.125,6.09375,6.3125],"tintindex":0,"rotation":0,"texture":"#0"},"west":{"uv":[2.125,3.78125,2.5625,3.96875],"tintindex":0,"rotation":0,"texture":"#0"},"up":{"uv":[0.75,7.6875,0.53125,7.25],"tintindex":0,"rotation":0,"texture":"#0"},"down":{"uv":[0.75,7.6875,0.53125,7.25],"tintindex":0,"rotation":0,"texture":"#0"}}},{"from":[2.4559999,1.6225286,6.4893646],"to":[13.544001,11.324529,27.279366],"faces":{"east":{"uv":[7.15625,2.09375,7.625,2.3125],"tintindex":0,"rotation":0,"texture":"#0"},"south":{"uv":[2.21875,7.84375,2.46875,8.0625],"tintindex":0,"rotation":0,"texture":"#0"},"north":{"uv":[7.15625,7.8125,7.40625,8.03125],"tintindex":0,"rotation":0,"texture":"#0"},"west":{"uv":[7.15625,3.28125,7.625,3.5],"tintindex":0,"rotation":0,"texture":"#0"},"up":{"uv":[0.25,7.4375,0.0,6.96875],"tintindex":0,"rotation":0,"texture":"#0"},"down":{"uv":[7.21875,2.375,6.96875,2.84375],"tintindex":0,"rotation":0,"texture":"#0"}}},{"from":[12.851,10.631529,7.1823654],"to":[12.851,18.947529,26.586365],"faces":{"east":{"uv":[7.875,3.53125,7.4375,3.71875],"tintindex":0,"rotation":0,"texture":"#0"},"west":{"uv":[7.4375,3.53125,7.875,3.71875],"tintindex":0,"rotation":0,"texture":"#0"}}},{"from":[3.1490002,10.631529,7.1823654],"to":[3.1490002,18.947529,26.586365],"faces":{"east":{"uv":[7.875,3.53125,7.4375,3.71875],"tintindex":0,"rotation":0,"texture":"#0"},"west":{"uv":[7.4375,3.53125,7.875,3.71875],"tintindex":0,"rotation":0,"texture":"#0"}}}],"display":{"gui":{"rotation":[30,225,0]}}}