{"textures":{"0":"modelengine:entity/celestial_thunderlord"},"elements":[{"from":[3.38,1.712647,6.7288156],"to":[12.620001,9.104648,24.284819],"faces":{"east":{"uv":[6.625,1.40625,7.21875,1.65625],"tintindex":0,"rotation":0,"texture":"#0"},"south":{"uv":[7.46875,4.25,7.78125,4.5],"tintindex":0,"rotation":0,"texture":"#0"},"north":{"uv":[7.46875,2.78125,7.78125,3.03125],"tintindex":0,"rotation":0,"texture":"#0"},"west":{"uv":[0.3125,6.65625,0.90625,6.90625],"tintindex":0,"rotation":0,"texture":"#0"},"up":{"uv":[5.84375,6.71875,5.53125,6.125],"tintindex":0,"rotation":0,"texture":"#0"},"down":{"uv":[6.4375,5.71875,6.125,6.3125],"tintindex":0,"rotation":0,"texture":"#0"}},"rotation":{"origin":[8.0,6.3326473,13.1968155],"angle":22.5,"axis":"x"}},{"from":[3.842,2.1746473,7.1908164],"to":[12.158,8.642647,23.822819],"faces":{"east":{"uv":[6.875,4.25,7.4375,4.46875],"tintindex":0,"rotation":0,"texture":"#0"},"south":{"uv":[6.03125,7.6875,6.3125,7.90625],"tintindex":0,"rotation":0,"texture":"#0"},"north":{"uv":[6.03125,7.6875,6.3125,7.90625],"tintindex":0,"rotation":0,"texture":"#0"},"west":{"uv":[6.875,4.5,7.4375,4.71875],"tintindex":0,"rotation":0,"texture":"#0"},"up":{"uv":[0.28125,6.9375,0.0,6.375],"tintindex":0,"rotation":0,"texture":"#0"},"down":{"uv":[0.28125,6.9375,0.0,6.375],"tintindex":0,"rotation":0,"texture":"#0"}},"rotation":{"origin":[7.538,6.3326473,13.1968155],"angle":22.5,"axis":"x"}},{"from":[12.158,8.290971,11.730812],"to":[12.158,15.682971,24.666813],"faces":{"east":{"uv":[3.46875,7.03125,3.03125,7.28125],"tintindex":0,"rotation":0,"texture":"#0"},"west":{"uv":[3.03125,7.03125,3.46875,7.28125],"tintindex":0,"rotation":0,"texture":"#0"}},"rotation":{"origin":[8.0,10.600971,14.964813],"angle":22.5,"axis":"x"}},{"from":[3.842,8.290971,11.730812],"to":[3.842,15.682971,24.666813],"faces":{"east":{"uv":[3.46875,7.03125,3.03125,7.28125],"tintindex":0,"rotation":0,"texture":"#0"},"west":{"uv":[3.03125,7.03125,3.46875,7.28125],"tintindex":0,"rotation":0,"texture":"#0"}},"rotation":{"origin":[8.0,10.600971,14.964813],"angle":22.5,"axis":"x"}}],"display":{"gui":{"rotation":[30,225,0]}}}