{"textures":{"0":"modelengine:entity/celestial_thunderlord"},"elements":[{"from":[11.465,13.14475,6.0022964],"to":[11.465,20.074749,28.178299],"faces":{"east":{"uv":[7.96875,4.53125,7.46875,4.6875],"tintindex":0,"rotation":0,"texture":"#0"},"west":{"uv":[7.46875,4.53125,7.96875,4.6875],"tintindex":0,"rotation":0,"texture":"#0"}},"rotation":{"origin":[9.0395,11.758749,13.625298],"angle":-22.5,"axis":"x"}},{"from":[3.842,5.5745,5.574501],"to":[12.158,13.8905,29.136497],"faces":{"east":{"uv":[7.125,6.84375,7.65625,7.03125],"tintindex":0,"rotation":0,"texture":"#0"},"south":{"uv":[8.09375,7.0,8.28125,7.1875],"tintindex":0,"rotation":0,"texture":"#0"},"north":{"uv":[6.34375,8.09375,6.53125,8.28125],"tintindex":0,"rotation":0,"texture":"#0"},"west":{"uv":[7.15625,0.5,7.6875,0.6875],"tintindex":0,"rotation":0,"texture":"#0"},"up":{"uv":[4.125,5.09375,3.9375,4.5625],"tintindex":0,"rotation":0,"texture":"#0"},"down":{"uv":[4.96875,7.1875,4.78125,7.71875],"tintindex":0,"rotation":0,"texture":"#0"}},"rotation":{"origin":[8.0,11.118501,13.890495],"angle":-22.5,"axis":"x"}},{"from":[4.535,6.2675,6.267502],"to":[11.465,13.197501,28.443497],"faces":{"east":{"uv":[7.4375,5.4375,7.9375,5.59375],"tintindex":0,"rotation":0,"texture":"#0"},"south":{"uv":[4.71875,6.28125,4.875,6.4375],"tintindex":0,"rotation":0,"texture":"#0"},"north":{"uv":[4.71875,6.28125,4.875,6.4375],"tintindex":0,"rotation":0,"texture":"#0"},"west":{"uv":[7.21875,7.4375,7.71875,7.59375],"tintindex":0,"rotation":0,"texture":"#0"},"up":{"uv":[4.21875,7.90625,4.0625,7.40625],"tintindex":0,"rotation":0,"texture":"#0"},"down":{"uv":[4.21875,7.90625,4.0625,7.40625],"tintindex":0,"rotation":0,"texture":"#0"}},"rotation":{"origin":[7.307,11.118501,13.890495],"angle":-22.5,"axis":"x"}},{"from":[4.535,13.14475,6.0022964],"to":[4.535,20.074749,28.178299],"faces":{"east":{"uv":[7.96875,4.53125,7.46875,4.6875],"tintindex":0,"rotation":0,"texture":"#0"},"west":{"uv":[7.46875,4.53125,7.96875,4.6875],"tintindex":0,"rotation":0,"texture":"#0"}},"rotation":{"origin":[6.9605,11.758749,13.625298],"angle":-22.5,"axis":"x"}}],"display":{"gui":{"rotation":[30,225,0]}}}