{"textures":{"0":"modelengine:entity/celestial_thunderlord"},"elements":[{"from":[0.6079998,4.083365,-1.9665737],"to":[15.392,17.943365,17.437428],"faces":{"east":{"uv":[2.78125,4.78125,2.125,5.25],"tintindex":0,"rotation":0,"texture":"#0"},"south":{"uv":[5.5625,2.15625,6.0625,2.625],"tintindex":0,"rotation":0,"texture":"#0"},"north":{"uv":[5.5625,1.65625,6.0625,2.125],"tintindex":0,"rotation":0,"texture":"#0"},"west":{"uv":[2.125,4.78125,2.78125,5.25],"tintindex":0,"rotation":0,"texture":"#0"},"up":{"uv":[4.65625,5.1875,4.15625,4.53125],"tintindex":0,"rotation":0,"texture":"#0"},"down":{"uv":[3.90625,4.5625,3.40625,5.21875],"tintindex":0,"rotation":0,"texture":"#0"}},"rotation":{"origin":[8.462,10.551367,3.115426],"angle":22.5,"axis":"x"}},{"from":[1.0699997,16.351181,1.8546219],"to":[1.0699997,25.591183,19.410624],"faces":{"east":{"uv":[6.6875,2.1875,6.09375,2.5],"tintindex":0,"rotation":0,"texture":"#0"},"west":{"uv":[6.09375,2.1875,6.6875,2.5],"tintindex":0,"rotation":0,"texture":"#0"}},"rotation":{"origin":[4.766,18.661182,6.474622],"angle":22.5,"axis":"x"}},{"from":[1.0699997,4.6213655,-1.5045738],"to":[14.93,17.557365,16.975428],"faces":{"east":{"uv":[5.03125,1.1875,5.65625,1.625],"tintindex":0,"rotation":0,"texture":"#0"},"south":{"uv":[5.78125,0.0,6.25,0.4375],"tintindex":0,"rotation":0,"texture":"#0"},"north":{"uv":[5.78125,0.0,6.25,0.4375],"tintindex":0,"rotation":0,"texture":"#0"},"west":{"uv":[5.125,0.0,5.75,0.4375],"tintindex":0,"rotation":0,"texture":"#0"},"up":{"uv":[5.5,1.15625,5.03125,0.53125],"tintindex":0,"rotation":0,"texture":"#0"},"down":{"uv":[5.5,1.15625,5.03125,0.53125],"tintindex":0,"rotation":0,"texture":"#0"}},"rotation":{"origin":[8.0,10.551367,3.115426],"angle":22.5,"axis":"x"}},{"from":[14.93,16.351181,1.8546219],"to":[14.93,25.591183,19.410624],"faces":{"east":{"uv":[6.6875,2.1875,6.09375,2.5],"tintindex":0,"rotation":0,"texture":"#0"},"west":{"uv":[6.09375,2.1875,6.6875,2.5],"tintindex":0,"rotation":0,"texture":"#0"}},"rotation":{"origin":[11.234,18.661182,6.474622],"angle":22.5,"axis":"x"}}],"display":{"gui":{"rotation":[30,225,0]}}}